ee_sandbox_ee_fifa_parsed_players_parsed_name,position_group,ee_sandbox_ee_fifa_parsed_teams_parsed_name,minutes_played,matches_played,key_passes,big_chances_created,assists,xa,assists_xa
Lionel Messi,Forward,Argentina,1790,19,57,18,9,6.025,2.9749999999999996
Kevin De Bruyne,Midfielder,Belgium,1203,16,42,7,2,1.7850000000000001,0.21499999999999986
Kylian Mbappé,Forward,France,1840,22,38,6,6,2.517,3.483
Neymar,Forward,Brazil,781,11,33,3,2,0.606,1.3940000000000001
Antoine Griezmann,Forward,France,1107,14,32,7,5,3.636,1.3639999999999999
Ousmane Dembélé,Forward,France,1206,22,31,7,4,3.324,0.6760000000000002
Luka Modrić,Midfielder,Croatia,1669,18,31,4,2,1.502,0.498
Joshua Kimmich,Midfielder,Germany,893,10,29,9,2,2.6109999999999998,-0.6109999999999998
Ivan Perišić,Midfielder,Croatia,1662,18,21,4,5,0.851,4.149
Mohamed Salah,Midfielder,Egypt,608,8,20,1,2,0.808,1.192
Leandro Trossard,Forward,Belgium,612,9,19,3,2,2.2609999999999997,-0.2609999999999997
Sadio Mané,Midfielder,Senegal,633,7,18,3,1,1.018,-0.018000000000000016
Declan Rice,Midfielder,England,989,13,18,3,2,1.2389999999999999,0.7610000000000001
Thomas Müller,Midfielder,Germany,410,6,18,3,0,0.481,
Pedri,Midfielder,Spain,856,12,18,3,0,3.108,-3.108
Dušan Tadić,Forward,Serbia,521,6,17,3,3,1.069,1.931
Vinícius Júnior,Forward,Brazil,743,10,17,3,3,2.018,0.9820000000000002
Michael Olise,Midfielder,France,661,8,17,7,7,3.248,3.752
Eden Hazard,Forward,Belgium,654,10,16,1,2,0.054,1.946
Christian Eriksen,Midfielder,Denmark,660,7,16,2,1,0.384,0.616
Juan Fernando Quintero,Midfielder,Colombia,427,9,16,6,3,1.115,1.885
Xherdan Shaqiri,Midfielder,Switzerland,582,8,15,3,2,1.039,0.9610000000000001
Bruno Fernandes,Midfielder,Portugal,868,14,15,7,4,2.438,1.5619999999999998
Rodri,Midfielder,Spain,1116,12,15,1,0,1.314,-1.314
Dani Olmo,Midfielder,Spain,863,12,15,3,3,1.719,1.281
Lucas Paquetá,Midfielder,Brazil,551,9,15,5,2,1.5270000000000001,0.47299999999999986
Azzedine Ounahi,Midfielder,Morocco,1007,13,15,4,0,1.1360000000000001,-1.1360000000000001
Mateo Kovačić,Midfielder,Croatia,1092,18,15,3,2,1.314,0.6859999999999999
Son Heung-min,Forward,South Korea,801,10,15,1,1,0.8119999999999999,0.18800000000000006
Jude Bellingham,Midfielder,England,1044,13,14,4,2,1.465,0.5349999999999999
Hirving Lozano,Forward,Mexico,577,7,14,3,1,0.854,0.14600000000000002
Stephen Eustaquio,Midfielder,Canada,517,7,14,3,0,1.9569999999999999,-1.9569999999999999
Youri Tielemans,Midfielder,Belgium,754,16,14,2,2,0.894,1.1059999999999999
James Rodríguez,Midfielder,Colombia,469,8,14,3,2,0.857,1.143
Harry Kane,Forward,England,1631,20,14,6,4,1.778,2.222
Rubén Vargas,Midfielder,Switzerland,578,10,14,3,2,1.863,0.137
Hakim Ziyech,Midfielder,Morocco,903,10,13,1,1,0.495,0.505
Bukayo Saka,Forward,England,650,13,13,5,3,1.292,1.708
Philippe Coutinho,Midfielder,Brazil,442,5,13,3,2,0,
Mehdi Taremi,Forward,Iran,732,9,13,1,1,0.377,0.623
Roberto Alvarado,Forward,Mexico,460,8,13,4,3,1.465,1.535
Désiré Doué,Forward,France,409,8,13,1,1,0.622,0.378
Weston McKennie,Midfielder,USA,724,9,13,1,0,1.1139999999999999,-1.1139999999999999
Casemiro,Midfielder,Brazil,1106,14,13,1,0,0.7849999999999999,-0.7849999999999999
Dries Mertens,Midfielder,Belgium,373,10,13,2,1,0.075,0.925
Rodrigo De Paul,Midfielder,Argentina,1097,15,13,2,1,1.674,-0.6739999999999999
Cody Gakpo,Midfielder,Netherlands,824,9,13,1,1,1.402,-0.4019999999999999
Alexis Mac Allister,Midfielder,Argentina,1304,15,13,3,2,1.033,0.9670000000000001
Ismaïla Sarr,Forward,Senegal,980,11,12,0,1,0.661,0.33899999999999997
Raphinha,Midfielder,Brazil,447,8,12,3,0,1.269,-1.269
Carlos Vela,Forward,Mexico,322,4,12,0,0,0,
Christian Pulišić,Forward,USA,539,8,12,3,3,1.298,1.702
Florian Wirtz,Midfielder,Germany,363,4,12,3,3,1.741,1.259
Breel Embolo,Forward,Switzerland,966,14,12,4,3,1.258,1.742
Ángel Di María,Forward,Argentina,527,11,12,0,1,0.666,0.33399999999999996
Jamal Musiala,Midfielder,Germany,530,7,12,1,1,1.074,-0.07400000000000007
Kang-in Lee,Midfielder,South Korea,429,7,11,3,2,0.9339999999999999,1.066
Salman Alfaraj,Midfielder,Saudi Arabia,315,4,11,0,0,0.046,
Andrej Kramarić,Forward,Croatia,882,18,11,0,0,0.333,-0.333
Yan Diomande,Forward,Côte d'Ivoire,331,4,11,4,1,1.789,-0.7889999999999999
Salem Al-Dawsari,Midfielder,Saudi Arabia,786,9,11,0,0,0.492,-0.492
Adrien Rabiot,Midfielder,France,1079,14,11,3,2,1.035,0.9650000000000001
Mesut Özil,Midfielder,Germany,180,3,11,1,0,0,
Jae-sung Lee,Midfielder,South Korea,603,10,10,1,1,0.422,0.5780000000000001
Aurélien Tchouaméni,Midfielder,France,983,15,10,2,1,0.622,0.378
Luis Díaz,Midfielder,Colombia,478,5,10,1,1,0.967,0.03300000000000003
Enzo Fernández,Midfielder,Argentina,1226,15,10,1,1,1.715,-0.7150000000000001
Rayan,Midfielder,Brazil,289,5,10,3,1,0.302,0.698
Aaron Mooy,Midfielder,Australia,630,7,10,0,0,0.119,
Alex Baena,Midfielder,Spain,487,8,10,1,1,1.354,-0.3540000000000001
Julián Quiñones,Forward,Mexico,414,5,10,1,1,0.404,0.596
Ivan Rakitić,Midfielder,Croatia,638,7,10,0,0,0,
Bruno Guimarães,Midfielder,Brazil,486,10,10,3,4,1.433,2.567
Gonzalo Plata,Midfielder,Ecuador,629,7,10,0,0,0.522,-0.522
Junya Ito,Midfielder,Japan,538,8,10,0,1,0.303,0.6970000000000001
Marcelo Brozovic,Midfielder,Croatia,1012,14,10,0,1,0.158,0.842
Paul Pogba,Midfielder,France,539,7,9,1,0,0,
Thorgan Hazard,Midfielder,Belgium,203,10,9,3,0,0.7569999999999999,
Piotr Zielinski,Midfielder,Poland,589,7,9,0,0,0.366,
Noni Madueke,Forward,England,288,8,9,3,0,1.619,-1.619
Akram Afif,Midfielder,Qatar,509,6,9,1,0,0.625,-0.625
Granit Xhaka,Midfielder,Switzerland,1327,14,9,0,0,0.591,-0.591
Pedro Vite,Midfielder,Ecuador,360,4,9,1,1,0.841,0.15900000000000003
Olivier Giroud,Forward,France,969,14,9,1,1,0.322,0.6779999999999999
Isco,Midfielder,Spain,390,4,9,1,0,0,
Bernardo Silva,Midfielder,Portugal,699,14,9,0,0,0.33499999999999996,-0.33499999999999996
Viktor Gyökeres,Forward,Sweden,367,4,9,2,2,0.254,1.746
Cristiano Ronaldo,Forward,Portugal,1092,14,9,1,0,0.241,-0.241
Romelu Lukaku,Forward,Belgium,771,15,9,1,2,0.306,1.694
Moisés Caicedo,Midfielder,Ecuador,629,7,9,3,0,2.106,-2.106
Juan Cuadrado,Midfielder,Colombia,331,4,8,0,1,0,
Nacer Chadli,Midfielder,Belgium,327,7,8,2,1,0,
Brahim Díaz,Midfielder,Morocco,462,6,8,4,4,0.931,3.069
Mario Mandžukić,Forward,Croatia,608,7,8,2,1,0,
Luis Suárez,Forward,Uruguay,597,8,8,2,2,0.12,1.88
Hans Vanaken,Midfielder,Belgium,329,9,8,1,2,0.5569999999999999,1.443
Bradley Barcola,Forward,France,384,8,8,1,1,0.376,0.624
Raheem Sterling,Forward,England,604,11,8,1,2,0.062,1.938
Viktor Claesson,Midfielder,Sweden,434,5,8,2,2,0,
Gabriel Jesus,Forward,Brazil,505,8,8,1,1,0.068,0.9319999999999999
Jhon Arias,Midfielder,Colombia,381,5,8,1,0,0.596,-0.596
Chris Wood,Forward,New Zealand,281,3,7,2,2,0.191,1.809
Robert Lewandowski,Forward,Poland,630,7,7,1,1,0.44699999999999995,0.553
Maxi Meza,Midfielder,Argentina,207,4,7,1,0,0,
Sebastian Berhalter,Midfielder,USA,200,5,7,2,1,0.387,0.613
Gabriel Martinelli,Forward,Brazil,260,10,7,2,0,0.723,-0.723
Yoel Bárcenas,Midfielder,Panama,472,6,7,2,0,0.313,-0.313
David Silva,Midfielder,Spain,327,4,7,0,0,0,
Tajon Buchanan,Midfielder,Canada,642,8,7,1,1,0.912,0.08799999999999997
Alexander Isak,Forward,Sweden,360,4,7,3,3,0.482,2.518
Andrés Iniesta,Midfielder,Spain,284,4,7,1,1,0,
Morgan Rogers,Midfielder,England,349,8,7,2,1,0.854,0.14600000000000002
Fabián Ruiz,Midfielder,Spain,331,8,7,1,0,0.328,-0.328
John Yeboah,Forward,Ecuador,315,4,7,2,0,0.57,-0.57
Giorgian de Arrascaeta,Midfielder,Uruguay,194,9,7,3,0,0.5579999999999999,
Julián Alvarez,Forward,Argentina,1068,15,7,0,0,1.202,-1.202
Josip Juranović,Midfielder,Croatia,600,7,7,0,1,0.311,0.6890000000000001
Wahbi Khazri,Forward,Tunisia,346,6,7,1,2,0.018,1.982
Lamine Yamal,Midfielder,Spain,615,8,7,2,0,1.397,-1.397
Hakan Çalhanoğlu,Midfielder,Türkiye,187,3,7,1,0,0.6859999999999999,-0.6859999999999999
Bilal El Khannouss,Midfielder,Morocco,522,13,7,1,0,0.7290000000000001,-0.7290000000000001
Malik Tillman,Midfielder,USA,370,5,7,1,1,0.702,0.29800000000000004
Edinson Cavani,Forward,Uruguay,466,7,7,3,0,0.159,
Gaku Shibasaki,Midfielder,Japan,341,8,7,1,1,0,
Leroy Sané,Midfielder,Germany,438,7,7,3,1,2.1679999999999997,-1.1679999999999997
Juninho Bacuna,Midfielder,Curaçao,255,3,6,0,0,0.139,-0.139
Timothy Weah,Midfielder,USA,396,9,6,1,0,0.215,-0.215
Lautaro Martínez,Forward,Argentina,549,15,6,3,1,0.513,0.487
Kamil Grosicki,Midfielder,Poland,226,7,6,2,1,0.106,0.894
Julio Enciso,Midfielder,Paraguay,387,5,6,2,2,0.268,1.732
Toni Kroos,Midfielder,Germany,270,3,6,0,0,0,
Pervis Estupiñán,Midfielder,Ecuador,359,7,6,0,0,0.449,-0.449
Phil Foden,Midfielder,England,259,5,6,2,2,0.446,1.554
Serge Gnabry,Midfielder,Germany,264,3,6,2,1,0.6609999999999999,0.3390000000000001
Denzel Dumfries,Midfielder,Netherlands,870,9,6,2,4,1.2570000000000001,2.743
Krépin Diatta,Midfielder,Senegal,572,8,6,2,0,0.7210000000000001,-0.7210000000000001
Julian Ryerson,Midfielder,Norway,226,6,6,1,0,1.001,-1.001
Andre Carrillo,Midfielder,Peru,259,3,6,0,0,0,
Frenkie de Jong,Midfielder,Netherlands,807,9,6,1,1,0.9119999999999999,0.08800000000000008
Sergio Busquets,Midfielder,Spain,754,8,6,1,1,0.22999999999999998,0.77
Nicolás González,Midfielder,Argentina,253,8,6,1,1,1.019,-0.018999999999999906
Martin Ødegaard,Midfielder,Norway,471,6,6,2,4,1.033,2.967
Andreas Cornelius,Forward,Denmark,253,7,6,0,0,0.034999999999999996,
João Mário,Midfielder,Portugal,356,9,6,0,0,0.028999999999999998,
Leandro Paredes,Midfielder,Argentina,697,15,6,0,0,0.669,-0.669
Yasin Ayari,Midfielder,Sweden,348,4,6,1,0,0.49,-0.49
Erling Haaland,Forward,Norway,465,6,6,1,0,0.36,-0.36
Steven Zuber,Midfielder,Switzerland,252,3,6,1,0,0,
Jesse Lingard,Forward,England,527,7,6,1,1,0,
Anthony Gordon,Forward,England,412,8,6,2,3,0.42999999999999994,2.5700000000000003
Teboho Mokoena,Midfielder,South Africa,270,3,6,0,0,0.268,-0.268
Gustavo Puerta,Midfielder,Colombia,470,5,6,2,1,0.403,0.597
Mikel Oyarzabal,Forward,Spain,605,8,6,1,1,0.714,0.28600000000000003
Idrissa Gana Gueye,Midfielder,Senegal,904,10,6,1,0,0.921,-0.921
Richarlison,Forward,Brazil,326,5,6,3,0,0.358,
Javier Hernández,Forward,Mexico,330,4,6,1,1,0,
Daichi Kamada,Midfielder,Japan,655,8,6,1,0,0.479,-0.479
Shinji Kagawa,Midfielder,Japan,232,4,6,0,1,0,
Tijjani Reijnders,Midfielder,Netherlands,201,4,6,0,1,0.384,0.616
Charles De Ketelaere,Forward,Belgium,368,9,6,0,1,0.496,0.504
M'Baye Niang,Forward,Senegal,247,3,6,0,1,0,
Timo Werner,Forward,Germany,266,3,6,1,0,0,
Lamine Camara,Midfielder,Senegal,250,4,6,1,1,0.894,0.10599999999999998
Marcel Sabitzer,Midfielder,Austria,360,4,6,1,0,0.994,-0.994
Rodrigo Bentancur,Midfielder,Uruguay,849,11,6,0,1,0.251,0.749
Aleksandr Golovin,Midfielder,Russia,402,5,6,2,2,0,
Mostafa Ziko,Midfielder,Egypt,375,5,6,3,1,0.531,0.469
Jefferson Lerma,Midfielder,Colombia,588,9,6,0,0,0.174,-0.174
Ola Toivonen,Forward,Sweden,400,5,5,2,1,0,
Joel Campbell,Midfielder,Costa Rica,382,6,5,0,1,0.091,0.909
Djibril Sow,Midfielder,Switzerland,523,10,5,0,1,0.247,0.753
Andrija Zivkovic,Midfielder,Serbia,228,6,5,2,2,0.8200000000000001,1.18
Craig Goodwin,Midfielder,Australia,235,4,5,1,0,0.293,
Brian Gutiérrez,Midfielder,Mexico,211,5,5,0,0,0.217,-0.217
Federico Valverde,Midfielder,Uruguay,507,6,5,2,0,0.653,-0.653
Memphis Depay,Forward,Netherlands,351,9,5,1,1,0.5630000000000001,0.43699999999999994
Aleksandr Samedov,Midfielder,Russia,359,5,5,0,0,0,
Gylfi Sigurðsson,Midfielder,Iceland,270,3,5,1,0,0,
Kenan Yıldız,Forward,Türkiye,226,3,5,1,0,0.7080000000000001,-0.7080000000000001
Brian Brobbey,Forward,Netherlands,232,4,5,0,0,0.113,-0.113
Artem Dzyuba,Forward,Russia,333,5,5,0,2,0,
Gilberto Mora,Midfielder,Mexico,215,5,5,0,0,0.299,-0.299
Luis Chávez,Midfielder,Mexico,294,8,5,0,0,0.807,-0.807
Brenden Aaronson,Midfielder,USA,182,9,5,0,0,0.376,-0.376
Christian Cueva,Midfielder,Peru,262,3,5,0,0,0,
Riyad Mahrez,Midfielder,Algeria,263,4,5,0,1,0.521,0.479
Marcus Rashford,Forward,England,588,20,5,4,1,0.549,0.45099999999999996
Nicolai Jørgensen,Forward,Denmark,212,4,5,1,1,0,
Arda Güler,Midfielder,Türkiye,277,3,5,0,0,0.707,-0.707
Marwan Attia,Midfielder,Egypt,445,5,5,1,1,1.293,-0.2929999999999999
Pape Gueye,Midfielder,Senegal,388,8,5,0,1,0.20400000000000001,0.796
Iliman Ndiaye,Midfielder,Senegal,259,8,5,1,3,0.393,2.607
Ellyes Skhiri,Midfielder,Tunisia,791,9,5,0,0,0.08,-0.08
Oghenekaro Etebo,Midfielder,Nigeria,269,3,5,0,0,0,
Andreas Schjelderup,Midfielder,Norway,251,6,5,2,3,0.738,2.262
Grzegorz Krychowiak,Midfielder,Poland,604,7,5,1,0,0.061000000000000006,
Yuya Osako,Forward,Japan,308,4,5,0,0,0,
Jordan Henderson,Midfielder,England,766,20,5,0,0,1.423,-1.423
Hannibal Mejbri,Midfielder,Tunisia,287,6,5,1,2,0.29300000000000004,1.7069999999999999
Mikel Merino,Midfielder,Spain,210,8,5,1,0,0.719,-0.719
Jérémy Doku,Midfielder,Belgium,334,8,5,0,0,0.858,-0.858
Rafik Belghali,Midfielder,Algeria,333,4,5,2,0,0.421,-0.421
Fakhreddine Ben Youssef,Forward,Tunisia,270,3,5,0,0,0,
Willian,Midfielder,Brazil,361,5,5,1,1,0,
Ritsu Doan,Midfielder,Japan,500,8,5,1,1,0.796,0.20399999999999996
Aiden O'Neill,Midfielder,Australia,367,4,5,0,0,0.361,-0.361
João Félix,Forward,Portugal,538,10,5,1,2,0.3,1.7
Sergej Milinkovic-Savic,Midfielder,Serbia,506,6,5,1,0,0.228,
Eberechi Eze,Midfielder,England,209,8,5,1,1,1.2,-0.19999999999999996
Naïm Sliti,Midfielder,Tunisia,295,6,5,0,0,0.104,
Bryan Mbeumo,Forward,Cameroon,226,3,5,0,0,0.17,
Wataru Endo,Midfielder,Japan,311,8,4,2,0,0.375,
Patrick Berg,Midfielder,Norway,444,6,4,3,2,1.21,0.79
Oscar Bobb,Midfielder,Norway,233,6,4,0,0,0.48,-0.48
Kai Havertz,Forward,Germany,458,7,4,1,0,0.877,-0.877
Martin Baturina,Midfielder,Croatia,324,4,4,0,0,0.303,-0.303
Leandro Bacuna,Midfielder,Curaçao,270,3,4,0,0,0.074,-0.074
Keito Nakamura,Midfielder,Japan,310,4,4,1,1,0.409,0.591
Celso Borges,Midfielder,Costa Rica,521,6,4,0,0,0.025,
Hwang In-beom,Midfielder,South Korea,606,7,4,1,1,0.8019999999999999,0.19800000000000006
Nicolas Pépé,Forward,Côte d'Ivoire,244,4,4,1,1,0.507,0.493
Roman Zobnin,Midfielder,Russia,510,5,4,1,1,0,
Sofiane Boufal,Forward,Morocco,482,7,4,0,0,0.45299999999999996,
Nabil Bentaleb,Midfielder,Algeria,287,4,4,0,0,0.206,-0.206
Ismael Saibari,Midfielder,Morocco,385,6,4,2,0,0.616,-0.616
Alfreð Finnbogason,Forward,Iceland,264,3,4,1,0,0,
Abdallah El-Said,Midfielder,Egypt,225,3,4,0,1,0,
Amad Diallo,Midfielder,Côte d'Ivoire,184,4,4,1,0,0.588,-0.588
Ali Olwan,Forward,Jordan,268,3,4,0,0,0.21400000000000002,-0.21400000000000002
Cyle Larin,Forward,Canada,326,8,4,0,0,0.328,-0.328
João Moutinho,Midfielder,Portugal,185,4,4,1,1,0,
Thiago Almada,Midfielder,Argentina,256,15,4,1,0,0.342,-0.342
Ayase Ueda,Forward,Japan,369,8,4,1,1,0.361,0.639
Otavio,Midfielder,Portugal,199,3,4,2,0,0.534,
Andrés Guardado,Midfielder,Mexico,356,7,4,0,0,0.005,
Hwang Hee-chan,Forward,South Korea,437,10,4,0,0,0.08600000000000001,-0.08600000000000001
Alexander Sørloth,Forward,Norway,341,6,4,1,0,0.993,-0.993
Crysencio Summerville,Midfielder,Netherlands,253,4,4,1,2,0.42,1.58
Nathan-Dylan Saliba,Midfielder,Canada,182,5,4,2,2,0.42800000000000005,1.572
Emam Ashour,Midfielder,Egypt,366,5,4,0,0,0.203,-0.203
Aissa Laïdouni,Midfielder,Tunisia,245,3,4,0,1,0.20800000000000002,0.792
Davy Klaassen,Midfielder,Netherlands,191,5,4,0,2,0.062,1.938
Éver Banega,Midfielder,Argentina,216,4,4,0,2,0,
Ángelo Preciado,Midfielder,Ecuador,377,7,4,0,1,0.262,0.738
Amir Al-Ammari,Midfielder,Iraq,248,3,4,0,1,0.328,0.6719999999999999
Anis Ben Slimane,Midfielder,Tunisia,392,6,4,0,0,0.197,-0.197
Esmir Bajraktarević,Forward,Bosnia & Herzegovina,229,4,4,0,0,0.045,-0.045
Nicolas Raskin,Midfielder,Belgium,346,6,4,3,2,1.413,0.587
Sebastian Larsson,Midfielder,Sweden,318,4,4,0,0,0,
Eldor Shomurodov,Forward,Uzbekistan,269,3,4,0,0,0.118,-0.118
Diego Costa,Forward,Spain,320,4,4,0,0,0,
Tyler Adams,Midfielder,USA,702,9,4,1,0,0.75,-0.75
Noah Sadiki,Midfielder,DR Congo,258,4,4,0,0,0.30000000000000004,-0.30000000000000004
Kieffer Moore,Forward,Wales,225,3,4,0,0,0.089,
Riley McGree,Midfielder,Australia,269,4,4,0,1,0.276,0.724
Farès Chaïbi,Midfielder,Algeria,367,4,4,0,0,0.17099999999999999,-0.17099999999999999
Facundo Pellistri,Midfielder,Uruguay,182,6,4,1,0,0.166,
Victor Moses,Midfielder,Nigeria,270,3,4,0,1,0,
Mathew Leckie,Midfielder,Australia,667,9,4,1,1,0.05,0.95
Koke,Midfielder,Spain,279,8,4,1,0,0.022,
William Carvalho,Midfielder,Portugal,574,9,4,0,0,0.043,
Rafael Leão,Forward,Portugal,249,10,4,1,1,0.513,0.487
Bruno Petkovic,Forward,Croatia,230,7,4,0,0,0.16699999999999998,
Jordan Ayew,Forward,Ghana,440,7,4,1,1,0.644,0.356
Ruben Loftus-Cheek,Midfielder,England,274,7,4,0,1,0,
Kerim Alajbegović,Midfielder,Bosnia & Herzegovina,277,4,4,1,0,0.32,-0.32
Petar Sučić,Midfielder,Croatia,288,4,4,1,1,0.46900000000000003,0.5309999999999999
Elliot Anderson,Midfielder,England,634,8,4,1,1,0.566,0.43400000000000005
Donyell Malen,Forward,Netherlands,187,4,4,1,0,0.211,-0.211
Christ Inao Oulaï,Midfielder,Côte d'Ivoire,208,4,3,0,0,0.331,-0.331
Fedor Smolov,Forward,Russia,219,5,3,0,0,0,
John McGinn,Midfielder,Scotland,261,3,3,0,0,0.392,-0.392
Daniel Amartey,Midfielder,Ghana,270,3,3,0,0,0.03,
Teun Koopmeiners,Midfielder,Netherlands,342,9,3,0,1,0.29500000000000004,0.705
Mario Pašalić,Midfielder,Croatia,396,11,3,0,0,0.6709999999999999,-0.6709999999999999
Ibrahim Maza,Forward,Algeria,359,4,3,0,0,0.23,-0.23
Nestory Irankunda,Forward,Australia,264,4,3,0,0,0.2,-0.2
Neil El Aynaoui,Midfielder,Morocco,563,6,3,0,0,0.20400000000000001,-0.20400000000000001
Jackson Irvine,Midfielder,Australia,628,11,3,0,0,0.189,-0.189
Yunus Musah,Midfielder,USA,345,4,3,0,0,0.20099999999999998,
Manu Koné,Midfielder,France,397,8,3,0,0,0.247,-0.247
Martin Braithwaite,Forward,Denmark,353,7,3,0,0,0.062,
Giovanni Reyna,Midfielder,USA,193,9,3,0,0,0.223,-0.223
Lucas Torreira,Midfielder,Uruguay,304,8,3,0,0,0,
Fredrik Aursnes,Midfielder,Norway,310,6,3,2,0,0.165,-0.165
Connor Metcalfe,Midfielder,Australia,322,4,3,0,0,0.119,-0.119
Jonathan David,Forward,Canada,613,8,3,0,0,0.362,-0.362
John Obi Mikel,Midfielder,Nigeria,268,3,3,0,0,0,
Marko Stamenić,Midfielder,New Zealand,280,3,3,2,0,0.455,-0.455
Ryan Mendes,Midfielder,Cabo Verde,331,4,3,0,1,0.164,0.836
Marko Livaja,Forward,Croatia,242,7,3,0,1,0.079,0.921
Marco Asensio,Midfielder,Spain,361,8,3,0,0,0.14100000000000001,
Aleksandar Mitrovic,Forward,Serbia,531,6,3,1,0,0.063,
Mohannad Abu Taha,Midfielder,Jordan,265,3,3,0,0,0.175,-0.175
Daniel Muñoz,Midfielder,Colombia,399,5,3,2,0,0.444,-0.444
Alireza Jahanbakhsh,Forward,Iran,282,8,3,0,0,0.323,-0.323
Fabian Rieder,Midfielder,Switzerland,379,10,3,1,0,0.181,-0.181
Manuel Ugarte,Midfielder,Uruguay,186,6,3,0,0,0.158,-0.158
Marouane Fellaini,Forward,Belgium,322,7,3,0,0,0,
Hassan Al Haydos,Forward,Qatar,275,6,3,2,0,0.51,-0.51
Jamiro Monteiro,Midfielder,Cabo Verde,283,4,3,0,0,0.24900000000000003,-0.24900000000000003
Nicolas Jackson,Forward,Senegal,250,8,3,1,1,0.18,0.8200000000000001
Yannick Carrasco,Forward,Belgium,356,10,3,0,0,0.05,
Enner Valencia,Forward,Ecuador,546,7,3,0,0,0.29,-0.29
Mauricio,Midfielder,Paraguay,183,5,3,0,0,0.171,-0.171
Emil Forsberg,Midfielder,Sweden,417,5,3,1,0,0,
Aron Gunnarsson,Midfielder,Iceland,253,3,3,0,0,0,
Ferran Torres,Forward,Spain,502,12,3,2,1,0.748,0.252
Dele Alli,Midfielder,England,368,7,3,1,0,0,
Aleksandar Pavlović,Midfielder,Germany,274,4,3,0,0,0.492,-0.492
Mbark Boussoufa,Midfielder,Morocco,270,3,3,0,0,0,
Remo Freuler,Midfielder,Switzerland,925,14,3,0,0,0.77,-0.77
Cristian Martínez,Midfielder,Panama,243,3,3,0,0,0.16999999999999998,-0.16999999999999998
Saud Abdulhamid,Midfielder,Saudi Arabia,539,6,3,0,0,0.155,-0.155
Gonçalo Guedes,Midfielder,Portugal,245,9,3,0,1,0,
Darwin Núñez,Forward,Uruguay,397,6,3,1,0,0.086,-0.086
Yoshimar Yotún,Midfielder,Peru,180,3,3,0,0,0,
Mahmoud Trézéguet,Midfielder,Egypt,411,8,3,1,1,0.057999999999999996,0.942
Firas Al-Buraikan,Forward,Saudi Arabia,508,6,3,0,1,0.209,0.791
Ferjani Sassi,Midfielder,Tunisia,249,6,3,0,0,0.019,
Hector Herrera,Midfielder,Mexico,528,7,3,0,0,0.162,
Leon Goretzka,Midfielder,Germany,326,10,3,0,0,0.193,-0.193
Thomas Partey,Midfielder,Ghana,540,6,3,0,0,0.221,-0.221
Lucas Bergvall,Midfielder,Sweden,185,4,3,0,1,0.072,0.928
Marcus Berg,Forward,Sweden,426,5,3,1,0,0,
Blerim Džemaili,Midfielder,Switzerland,326,4,3,0,0,0,
Denis Zakaria,Midfielder,Switzerland,466,14,3,2,1,0.5609999999999999,0.43900000000000006
Omar Marmoush,Forward,Egypt,326,5,3,0,0,0.261,-0.261
Selim Amallah,Midfielder,Morocco,409,7,3,0,0,0.11699999999999999,
Paulinho,Midfielder,Brazil,354,5,3,1,0,0,
Sofyan Amrabat,Midfielder,Morocco,819,16,3,0,0,0.126,-0.126
Matías Galarza,Midfielder,Paraguay,399,5,3,1,1,0.194,0.806
Diego Laxalt,Midfielder,Uruguay,301,5,3,0,0,0,
Ali Ahmed,Midfielder,Canada,236,5,3,1,0,0.318,-0.318
Thapelo Maseko,Midfielder,South Africa,245,4,3,0,0,0.053000000000000005,-0.053000000000000005
Nordin Amrabat,Midfielder,Morocco,256,3,3,0,0,0,
Carlos Harvey,Midfielder,Panama,268,3,3,1,0,0.171,-0.171
Giuliano Simeone,Midfielder,Argentina,193,8,3,0,0,0.071,-0.071
Blaise Matuidi,Midfielder,France,336,6,3,0,0,0,
Vitinha,Midfielder,Portugal,499,10,3,1,0,0.46,-0.46
Fabian Delph,Midfielder,England,220,6,3,0,0,0,
Javier Mascherano,Midfielder,Argentina,360,4,3,0,0,0,
Ehsan Haddad,Midfielder,Jordan,261,3,3,1,1,0.269,0.731
Jean-Ricner Bellegarde,Midfielder,Haiti,261,3,3,0,0,0.275,-0.275
Raúl Jiménez,Forward,Mexico,450,12,3,0,0,0.44,-0.44
Sardar Azmoun,Forward,Iran,396,6,3,0,0,0.198,
Johan Manzambi,Midfielder,Switzerland,200,4,3,3,2,0.32,1.68
Agustín Canobbio,Midfielder,Uruguay,235,6,2,0,0,0.17200000000000001,-0.17200000000000001
Saleh Al-Shehri,Forward,Saudi Arabia,226,6,2,0,0,0.038,
Eric Maxim Choupo-Moting,Forward,Cameroon,254,3,2,0,0,0.083,
Sander Berge,Midfielder,Norway,480,6,2,0,0,0.14400000000000002,-0.14400000000000002
Liberato Cacace,Midfielder,New Zealand,223,3,2,0,0,0.13,-0.13
Mohammad Mohebi,Forward,Iran,245,3,2,0,0,0.066,-0.066
João Neves,Midfielder,Portugal,391,5,2,0,0,0.281,-0.281
Ao Tanaka,Midfielder,Japan,365,8,2,0,0,0.434,-0.434
Pedro Neto,Midfielder,Portugal,352,5,2,0,1,0.552,0.44799999999999995
Cédric Soares,Midfielder,Portugal,270,4,2,0,0,0,
Abdelaziz Hatem,Midfielder,Qatar,241,6,2,0,0,0.044,-0.044
Hamdy Fathy,Midfielder,Egypt,241,4,2,0,0,0.018,-0.018
Edmilson Junior,Midfielder,Qatar,212,3,2,1,1,0.608,0.392
Nico Williams,Midfielder,Spain,266,12,2,2,1,0.48000000000000004,0.52
Birkir Bjarnason,Midfielder,Iceland,269,3,2,0,0,0,
Miguel Almirón,Midfielder,Paraguay,288,4,2,0,0,0.04,-0.04
Ben Gannon-Doak,Midfielder,Scotland,187,3,2,0,0,0.089,-0.089
Wilfred Ndidi,Midfielder,Nigeria,270,3,2,0,0,0,
Karim Ansarifard,Forward,Iran,213,6,2,0,0,0.044,
Nikola Vlašić,Midfielder,Croatia,394,11,2,0,0,0.27799999999999997,-0.27799999999999997
Issam Jebali,Forward,Tunisia,184,3,2,1,0,0.195,
Jakub Kamiński,Midfielder,Poland,233,4,2,1,0,0.38,
Ethan Ampadu,Midfielder,Wales,256,3,2,0,0,0.062,
Dan Ndoye,Midfielder,Switzerland,408,6,2,0,0,0.22699999999999998,-0.22699999999999998
Chemsdine Talbi,Midfielder,Morocco,183,6,2,1,1,0.14300000000000002,0.857
Alvaro Morata,Forward,Spain,183,4,2,0,1,0.128,0.872
Michael Gregoritsch,Forward,Austria,190,4,2,1,1,0.23700000000000002,0.763
Steven Berghuis,Forward,Netherlands,199,5,2,0,1,0.157,0.843
Axel Witsel,Midfielder,Belgium,851,16,2,0,0,0.05,-0.05
Cheikhou Kouyaté,Midfielder,Senegal,191,4,2,0,0,0.024,
Jürgen Locadia,Forward,Curaçao,237,3,2,0,0,0.049,-0.049
Romano Schmid,Midfielder,Austria,266,4,2,0,0,0.362,-0.362
Edison Flores,Forward,Peru,242,3,2,0,0,0,
Daizen Maeda,Forward,Japan,428,8,2,0,0,0.20600000000000002,-0.20600000000000002
Wilson Isidor,Forward,Haiti,188,3,2,0,0,0.073,-0.073
Antoine Semenyo,Midfielder,Ghana,387,7,2,0,0,0.046,-0.046
Michy Batshuayi,Forward,Belgium,266,10,2,0,0,0.022000000000000002,
Luis Javier Suárez,Forward,Colombia,332,5,2,1,1,0.156,0.844
Ali Gholizadeh,Midfielder,Iran,199,3,2,0,1,0.675,0.32499999999999996
Antonio Nusa,Forward,Norway,325,6,2,0,0,0.186,-0.186
Yaya Sithole,Midfielder,South Africa,229,3,2,0,0,0.028,-0.028
N'Golo Kanté,Midfielder,France,595,15,2,0,0,0,
Ricardo Pepi,Forward,USA,217,5,2,1,0,0.193,-0.193
Marcus Pedersen,Midfielder,Norway,236,6,2,0,0,0.247,-0.247
Ali Al-Hamadi,Forward,Iraq,181,3,2,1,0,0.014,-0.014
Ivan Šunjić,Midfielder,Bosnia & Herzegovina,198,4,2,0,0,0.033,-0.033
Gareth Bale,Forward,Wales,225,3,2,0,0,0.217,
Rúben Neves,Midfielder,Portugal,325,10,2,0,0,0.121,-0.121
Samuel Moutoussamy,Midfielder,DR Congo,333,4,2,0,0,0.175,-0.175
Paul Okon-Engstler,Midfielder,Australia,204,4,2,1,1,0.07200000000000001,0.9279999999999999
Marco Reus,Midfielder,Germany,210,3,2,0,1,0,
Gonçalo Ramos,Forward,Portugal,203,10,2,1,1,0.091,0.909
Felix Nmecha,Midfielder,Germany,272,4,2,2,1,0.525,0.475
Ismael Koné,Midfielder,Canada,253,5,2,0,0,0.407,-0.407
Ruben Providence,Midfielder,Haiti,223,3,2,0,0,0.211,-0.211
Kevin Pina,Midfielder,Cabo Verde,351,4,2,0,0,0.051000000000000004,-0.051000000000000004
Michal Sadílek,Midfielder,Czechia,190,3,2,0,0,0.135,-0.135
Tahith Chong,Midfielder,Curaçao,249,3,2,0,0,0.066,-0.066
İlkay Gündoğan,Midfielder,Germany,251,6,2,0,0,0.30400000000000005,
Anice Badri,Forward,Tunisia,225,3,2,0,0,0,
Iñaki Williams,Midfielder,Ghana,380,7,2,0,1,0.064,0.9359999999999999
Armando Cooper,Midfielder,Panama,180,2,2,0,0,0,
Mohamed Elneny,Midfielder,Egypt,244,3,2,0,0,0,
Tani Oluwaseyi,Forward,Canada,260,5,2,0,0,0.078,-0.078
Franck Kessié,Midfielder,Côte d'Ivoire,347,4,2,0,0,0.124,-0.124
Ibrahim Sangaré,Midfielder,Côte d'Ivoire,268,4,2,1,1,0.127,0.873
Genki Haraguchi,Midfielder,Japan,246,4,2,0,0,0,
Noor Al-Rawabdeh,Midfielder,Jordan,270,3,2,0,1,0.038,0.962
Borna Sosa,Midfielder,Croatia,425,6,2,1,0,0.497,
Woo-Young Jung,Midfielder,South Korea,431,7,2,0,0,0.10600000000000001,
Diego Gómez,Midfielder,Paraguay,307,4,2,0,0,0.037,-0.037
Saeid Ezatolahi,Midfielder,Iran,649,8,2,0,0,0.402,-0.402
Deroy Duarte,Midfielder,Cabo Verde,264,4,2,0,0,0.038,-0.038
Mousa Tamari,Forward,Jordan,217,3,2,0,1,0.14600000000000002,0.854
Ahmed Musa,Forward,Nigeria,207,3,2,0,0,0,
Nilson Angulo,Midfielder,Ecuador,218,4,2,0,0,0.159,-0.159
Saman Ghoddos,Midfielder,Iran,285,9,2,0,0,0.055,-0.055
Ryan Gravenberch,Midfielder,Netherlands,347,4,2,0,2,0.29000000000000004,1.71
Hidemasa Morita,Midfielder,Japan,285,4,2,0,0,0.08600000000000001,
David Guzmán,Midfielder,Costa Rica,245,3,2,1,0,0,
Bryan Ruiz,Midfielder,Costa Rica,299,6,2,0,0,0,
Takashi Inui,Midfielder,Japan,292,4,2,1,1,0,
Andrés Cubas,Midfielder,Paraguay,491,5,2,0,0,0.04,-0.04
Edson Álvarez,Midfielder,Mexico,702,12,2,1,0,0.403,-0.403
Silvan Widmer,Midfielder,Switzerland,445,9,2,2,1,0.886,0.11399999999999999
Corentin Tolisso,Midfielder,France,201,7,2,0,1,0,
Paolo Guerrero,Forward,Peru,208,3,2,0,1,0,
Jhegson Méndez,Midfielder,Ecuador,180,2,2,0,0,0.124,
Thomas Delaney,Midfielder,Denmark,412,5,2,0,1,0.005,0.995
Abdullah Otayf,Midfielder,Saudi Arabia,244,6,2,0,1,0,
Alexis Vega,Midfielder,Mexico,206,8,1,0,0,0.07500000000000001,-0.07500000000000001
Nasser Al-Dawsari,Midfielder,Saudi Arabia,218,6,1,0,0,0.10600000000000001,-0.10600000000000001
Anthony Elanga,Forward,Sweden,221,4,1,0,0,0.113,-0.113
Aaron Ramsey,Midfielder,Wales,267,3,1,0,0,0.064,
Gabriel Gómez,Midfielder,Panama,249,3,1,0,0,0,
Boulaye Dia,Forward,Senegal,320,4,1,0,0,0.08399999999999999,
Pierre Emile Hojbjerg,Midfielder,Denmark,270,3,1,0,0,0.122,
Youssef En-Nesyri,Forward,Morocco,565,10,1,0,0,0.026,
Wilmar Barrios,Midfielder,Colombia,269,4,1,0,0,0,
Amine Gouiri,Forward,Algeria,260,4,1,0,0,0.069,-0.069
Albin Ekdal,Midfielder,Sweden,421,5,1,0,0,0,
Yuriy Gazinskiy,Midfielder,Russia,266,5,1,0,0,0,
Omid Ebrahimi,Midfielder,Iran,260,3,1,0,0,0,
Akmal Mozgovoy,Midfielder,Uzbekistan,217,3,1,0,1,0.051,0.949
Joe Bell,Midfielder,New Zealand,255,3,1,0,0,0.08199999999999999,-0.08199999999999999
Ibrahim Bayesh,Midfielder,Iraq,237,3,1,0,0,0.061,-0.061
Michael Estrada,Forward,Ecuador,227,3,1,0,0,0.363,
Karim Boudiaf,Midfielder,Qatar,287,6,1,0,0,0.056,-0.056
Ante Rebić,Forward,Croatia,547,7,1,0,0,0,
Yussuf Poulsen,Forward,Denmark,269,6,1,0,0,0,
Elijah Just,Midfielder,New Zealand,265,3,1,0,0,0.362,-0.362
Mohanad Lasheen,Midfielder,Egypt,370,4,1,0,0,0.08399999999999999,-0.08399999999999999
Arkadiusz Milik,Forward,Poland,180,7,1,0,0,0.011,
Daler Kuzyaev,Midfielder,Russia,304,5,1,0,0,0,
Haris Seferović,Forward,Switzerland,210,8,1,0,0,0.006,
Assim Madibo,Midfielder,Qatar,286,5,1,0,0,0.017,-0.017
Radamel Falcao,Forward,Colombia,377,4,1,0,0,0,
Robbie Kruse,Midfielder,Australia,210,3,1,0,0,0,
Nampalys Mendy,Midfielder,Senegal,273,4,1,0,0,0.059,
Cédric Bakambu,Forward,DR Congo,193,4,1,0,0,0.20400000000000001,-0.20400000000000001
Benjamin Tahirović,Midfielder,Bosnia & Herzegovina,237,4,1,0,0,0.043,-0.043
Lewis Ferguson,Midfielder,Scotland,270,3,1,0,0,0.132,-0.132
Youssouf Fofana,Midfielder,France,225,7,1,0,0,0.11499999999999999,
Ante Budimir,Forward,Croatia,209,11,1,0,0,0.013000000000000001,-0.013000000000000001
Marwan Mohsen,Forward,Egypt,209,3,1,0,0,0,
Matheus Cunha,Forward,Brazil,293,5,1,0,0,0.08700000000000001,-0.08700000000000001
Danley Jean Jacques,Midfielder,Haiti,260,3,1,0,0,0.040999999999999995,-0.040999999999999995
Nemanja Matić,Midfielder,Serbia,270,3,1,0,0,0,
Paul Wanner,Midfielder,Austria,234,4,1,0,0,0.092,-0.092
Nicolas Seiwald,Midfielder,Austria,315,4,1,0,0,0.094,-0.094
Otabek Shukurov,Midfielder,Uzbekistan,238,3,1,0,0,0.08399999999999999,-0.08399999999999999
Abbosbek Fayzullaev,Midfielder,Uzbekistan,223,3,1,0,0,0.022,-0.022
Josué Casimir,Midfielder,Haiti,181,3,1,0,0,0.067,-0.067
José Luis Rodríguez,Midfielder,Panama,478,6,1,0,0,0.04,-0.04
Nahitan Nández,Midfielder,Uruguay,293,5,1,0,0,0,
Matias Vecino,Midfielder,Uruguay,612,8,1,0,0,0.031,
Sung-Yueng Ki,Midfielder,South Korea,180,3,1,0,0,0,
Mason Mount,Midfielder,England,186,5,1,0,0,0.058,
Ngal'ayel Mukau,Midfielder,DR Congo,196,4,1,0,0,0.09000000000000001,-0.09000000000000001
Mitchell Duke,Forward,Australia,274,4,1,0,0,0.016,
Yeltsin Tejeda,Midfielder,Costa Rica,276,6,1,0,1,0.042,0.958
Alexander Bernhardsson,Midfielder,Sweden,221,4,1,0,0,0.058,-0.058
Kamaldeen Sulemana,Forward,Ghana,186,7,1,0,0,0.173,-0.173
Emil Hallfreðsson,Midfielder,Iceland,180,3,1,0,0,0,
Lasse Schöne,Midfielder,Denmark,219,4,1,0,0,0,
Filip Kostic,Midfielder,Serbia,346,6,1,0,0,0.15599999999999997,
Keysher Fuller,Midfielder,Costa Rica,254,3,1,1,0,0.123,
Gavi,Midfielder,Spain,369,12,1,0,0,0.258,-0.258
Pathé Ismaël Ciss,Midfielder,Senegal,336,8,1,0,0,0.057,-0.057
Alan Franco,Midfielder,Ecuador,300,7,1,0,0,0.034,-0.034
Oswin Appollis,Midfielder,South Africa,255,4,1,0,0,0.189,-0.189
Salis Abdul Samed,Midfielder,Ghana,251,3,1,0,0,0.052000000000000005,
Caleb Yirenkyi,Midfielder,Ghana,272,4,1,0,0,0.057999999999999996,-0.057999999999999996
Pavel Šulc,Forward,Czechia,189,3,1,0,0,0.341,-0.341
Johan Venegas,Forward,Costa Rica,224,6,1,0,0,0.003,
Seung Ho Paik,Midfielder,South Korea,231,7,1,0,0,0.097,-0.097
Fahad Al-Muwallad,Midfielder,Saudi Arabia,183,3,1,0,0,0,
Scott McTominay,Midfielder,Scotland,270,3,1,0,0,0.047,-0.047
Younès Belhanda,Midfielder,Morocco,228,3,1,0,0,0,
Leander Dendoncker,Midfielder,Belgium,252,10,1,1,0,0.335,
Pione Sisto,Forward,Denmark,232,4,1,0,0,0,
Przemyslaw Frankowski,Midfielder,Poland,240,4,1,1,0,0.148,
Nizar Al-Rashdan,Midfielder,Jordan,256,3,1,0,0,0.057999999999999996,-0.057999999999999996
Zidane Iqbal,Midfielder,Iraq,188,3,1,0,0,0.043,-0.043
Karim El Ahmadi,Midfielder,Morocco,266,3,1,0,0,0,
Yoane Wissa,Forward,DR Congo,360,4,1,0,0,0.057999999999999996,-0.057999999999999996
Kaishu Sano,Midfielder,Japan,270,4,1,0,1,0.333,0.667
Gue-sung Cho,Forward,South Korea,311,7,1,0,0,0.097,-0.097
Sarpreet Singh,Midfielder,New Zealand,210,3,1,0,0,0.061,-0.061
Xaver Schlager,Midfielder,Austria,239,4,1,0,1,0.057,0.943
Ange-Yoan Bonny,Forward,Côte d'Ivoire,236,4,0,0,0,0.535,-0.535
Matheus Uribe,Midfielder,Colombia,182,4,0,0,0,0,
Federico Viñas,Forward,Uruguay,192,3,0,0,0,0.082,-0.082
Ahmad Nourollahi,Midfielder,Iran,226,3,0,0,0,0.014,
Denis Cheryshev,Midfielder,Russia,304,5,0,0,0,0,
Amar Memić,Midfielder,Bosnia & Herzegovina,224,4,0,0,0,0.013999999999999999,-0.013999999999999999
Mohammed Kudus,Midfielder,Ghana,249,3,0,0,0,0.08,
Valon Behrami,Midfielder,Switzerland,311,4,0,0,0,0,
Enzo Pérez,Midfielder,Argentina,195,4,0,0,0,0,
Tarek Hamed,Midfielder,Egypt,230,3,0,0,0,0,
Damián Bobadilla,Midfielder,Paraguay,190,5,0,0,0,0.026000000000000002,-0.026000000000000002
Steven Bergwijn,Midfielder,Netherlands,214,5,0,0,0,0.25,
Evidence Makgopa,Forward,South Africa,213,4,0,0,0,0.037,-0.037
Abdulla Abdullaev,Midfielder,Uzbekistan,180,3,0,0,0,0.009000000000000001,-0.009000000000000001
Patrik Schick,Forward,Czechia,180,3,0,0,0,0.01,-0.01
Mohamed Kanno,Midfielder,Saudi Arabia,510,9,0,0,0,0.17400000000000002,-0.17400000000000002
Kwasi Sibo,Midfielder,Ghana,249,4,0,0,0,0.034,-0.034
Almoez Ali,Midfielder,Qatar,244,6,0,0,0,0.008,-0.008
Aníbal Godoy,Midfielder,Panama,255,6,0,0,0,0.004,-0.004
Frank Anguissa,Midfielder,Cameroon,261,3,0,0,0,0.086,
Amadou Onana,Midfielder,Belgium,211,7,0,0,0,0.257,-0.257
Jesper Lindstrøm,Midfielder,Denmark,200,3,0,0,0,0.035,
Ermedin Demirović,Forward,Bosnia & Herzegovina,356,4,0,0,0,0.033,-0.033
Jacek Goralski,Midfielder,Poland,180,3,0,0,0,0,
Randal Kolo Muani,Forward,France,180,7,0,0,0,0.037,
Thalente Mbatha,Midfielder,South Africa,259,4,0,0,0,0.048999999999999995,-0.048999999999999995
Ayyoub Bouaddi,Midfielder,Morocco,384,6,0,0,0,0.053,-0.053
Folarin Balogun,Forward,USA,317,5,0,0,0,0.126,-0.126
Sasa Lukic,Midfielder,Serbia,246,3,0,0,0,0.096,
Abdullah Al-Khaibari,Midfielder,Saudi Arabia,180,6,0,0,0,0.008,-0.008
André Ayew,Forward,Ghana,200,3,0,0,0,0.005,
Marten de Roon,Midfielder,Netherlands,195,9,0,0,0,0.030000000000000002,-0.030000000000000002
Tom Rogić,Midfielder,Australia,226,3,0,0,0,0,
