ee_sandbox_ee_fifa_parsed_players_parsed_name,position_group,ee_sandbox_ee_fifa_parsed_teams_parsed_name,minutes_played,goals,xg,assists,xa,matches_played
Lionel Messi,Forward,Argentina,1790,16,12.114,9,6.025,19
Kylian Mbappé,Forward,France,1840,22,12.017,6,2.517,22
Harry Kane,Forward,England,1631,14,6.076,4,1.778,20
Breel Embolo,Forward,Switzerland,966,4,5.373,3,1.258,14
Ismaïla Sarr,Forward,Senegal,980,5,5.274,1,0.661,11
Vinícius Júnior,Forward,Brazil,743,5,5.005000000000001,3,2.018,10
Lautaro Martínez,Forward,Argentina,549,3,4.881,1,0.513,15
Cristiano Ronaldo,Forward,Portugal,1092,8,4.839,0,0.241,14
Erling Haaland,Forward,Norway,465,7,4.362,0,0.36,6
Mikel Oyarzabal,Forward,Spain,605,5,4.127,1,0.714,8
Jonathan David,Forward,Canada,613,3,4.05,0,0.362,8
Julián Alvarez,Forward,Argentina,1068,5,4.02,0,1.202,15
Enner Valencia,Forward,Ecuador,546,3,4.013,0,0.29,7
Jude Bellingham,Midfielder,England,1044,8,3.664,2,1.465,13
Neymar,Forward,Brazil,781,5,3.5509999999999997,2,0.606,11
Olivier Giroud,Forward,France,969,4,3.431,1,0.322,14
Ferran Torres,Forward,Spain,502,3,3.2510000000000003,1,0.748,12
Kai Havertz,Forward,Germany,458,5,3.089,0,0.877,7
Robert Lewandowski,Forward,Poland,630,2,2.928,1,0.44699999999999995,7
Marcus Rashford,Forward,England,588,4,2.792,1,0.549,20
Romelu Lukaku,Forward,Belgium,771,7,2.755,2,0.306,15
Raúl Jiménez,Forward,Mexico,450,3,2.66,0,0.44,12
Bukayo Saka,Forward,England,650,6,2.574,3,1.292,13
Mehdi Taremi,Forward,Iran,732,2,2.491,1,0.377,9
Yoane Wissa,Forward,DR Congo,360,3,2.463,0,0.057999999999999996,4
Dani Olmo,Midfielder,Spain,863,1,2.435,3,1.719,12
Alexis Mac Allister,Midfielder,Argentina,1304,2,2.388,2,1.033,15
Michael Olise,Midfielder,France,661,0,2.3689999999999998,7,3.248,8
Jamal Musiala,Midfielder,Germany,530,1,2.291,1,1.074,7
Ousmane Dembélé,Forward,France,1206,6,2.263,4,3.324,22
Cyle Larin,Forward,Canada,326,2,2.2070000000000003,0,0.328,8
Lamine Yamal,Midfielder,Spain,615,1,2.137,0,1.397,8
Richarlison,Forward,Brazil,326,3,2.114,0,0.358,5
Bruno Fernandes,Midfielder,Portugal,868,2,2.103,4,2.438,14
Bradley Barcola,Forward,France,384,3,1.958,1,0.376,8
Achraf Hakimi,Defender,Morocco,1473,1,1.95,3,1.604,16
Salem Al-Dawsari,Midfielder,Saudi Arabia,786,3,1.8820000000000001,0,0.492,9
Cody Gakpo,Midfielder,Netherlands,824,6,1.8450000000000002,1,1.402,9
Leandro Trossard,Forward,Belgium,612,2,1.814,2,2.2609999999999997,9
Christian Pulišić,Forward,USA,539,1,1.7650000000000001,3,1.298,8
Tajon Buchanan,Midfielder,Canada,642,0,1.7530000000000001,1,0.912,8
Adrien Rabiot,Midfielder,France,1079,1,1.7289999999999999,2,1.035,14
Daichi Kamada,Midfielder,Japan,655,2,1.7229999999999999,0,0.479,8
Bruno Guimarães,Midfielder,Brazil,486,0,1.6969999999999998,4,1.433,10
Ismael Saibari,Midfielder,Morocco,385,3,1.681,0,0.616,6
Gonçalo Ramos,Forward,Portugal,203,4,1.674,1,0.091,10
Folarin Balogun,Forward,USA,317,3,1.673,0,0.126,5
Andrej Kramarić,Forward,Croatia,882,3,1.657,0,0.333,18
Brian Brobbey,Forward,Netherlands,232,3,1.653,0,0.113,4
Aleksandar Mitrovic,Forward,Serbia,531,3,1.6480000000000001,0,0.063,6
Kevin De Bruyne,Midfielder,Belgium,1203,2,1.64,2,1.7850000000000001,16
Mikel Merino,Midfielder,Spain,210,2,1.631,0,0.719,8
Julián Quiñones,Forward,Mexico,414,4,1.607,1,0.404,5
Luis Díaz,Midfielder,Colombia,478,1,1.593,1,0.967,5
Charles De Ketelaere,Forward,Belgium,368,3,1.5110000000000001,1,0.496,9
Raphinha,Midfielder,Brazil,447,0,1.484,0,1.269,8
Memphis Depay,Forward,Netherlands,351,1,1.471,1,0.5630000000000001,9
Youri Tielemans,Midfielder,Belgium,754,2,1.455,2,0.894,16
João Félix,Forward,Portugal,538,1,1.388,2,0.3,10
Matheus Cunha,Forward,Brazil,293,3,1.379,0,0.08700000000000001,5
Mostafa Ziko,Midfielder,Egypt,375,2,1.369,1,0.531,5
Gue-sung Cho,Forward,South Korea,311,2,1.367,0,0.097,7
Gonzalo Plata,Midfielder,Ecuador,629,1,1.3639999999999999,0,0.522,7
Granit Xhaka,Midfielder,Switzerland,1327,2,1.363,0,0.591,14
Alvaro Morata,Forward,Spain,183,3,1.362,1,0.128,4
Riyad Mahrez,Midfielder,Algeria,263,2,1.351,1,0.521,4
Rubén Vargas,Midfielder,Switzerland,578,2,1.3479999999999999,2,1.863,10
Pedro Porro,Defender,Spain,564,2,1.3250000000000002,0,0.573,8
Ibrahim Maza,Forward,Algeria,359,0,1.321,0,0.23,4
Manuel Akanji,Defender,Switzerland,1327,1,1.254,0,0.287,14
Youssef En-Nesyri,Forward,Morocco,565,3,1.238,0,0.026,10
Leroy Sané,Midfielder,Germany,438,1,1.238,1,2.1679999999999997,7
Nicolas Pépé,Forward,Côte d'Ivoire,244,2,1.225,1,0.507,4
Marco Asensio,Midfielder,Spain,361,1,1.213,0,0.14100000000000001,8
Giorgian de Arrascaeta,Midfielder,Uruguay,194,2,1.206,0,0.5579999999999999,9
Daizen Maeda,Forward,Japan,428,2,1.1909999999999998,0,0.20600000000000002,8
Lucas Paquetá,Midfielder,Brazil,551,1,1.185,2,1.5270000000000001,9
Martin Ødegaard,Midfielder,Norway,471,0,1.174,4,1.033,6
Maximiliano Araújo,Defender,Uruguay,252,2,1.162,1,0.736,3
Enzo Fernández,Midfielder,Argentina,1226,3,1.16,1,1.715,15
Omar Marmoush,Forward,Egypt,326,0,1.1560000000000001,0,0.261,5
André Ayew,Forward,Ghana,200,1,1.146,0,0.005,3
Ivan Perišić,Midfielder,Croatia,1662,5,1.145,5,0.851,18
Ante Budimir,Forward,Croatia,209,1,1.145,0,0.013000000000000001,11
İlkay Gündoğan,Midfielder,Germany,251,1,1.14,0,0.30400000000000005,6
Viktor Gyökeres,Forward,Sweden,367,1,1.137,2,0.254,4
Maxim De Cuyper,Defender,Belgium,448,0,1.131,0,0.672,6
Randal Kolo Muani,Forward,France,180,1,1.121,0,0.037,7
Casemiro,Midfielder,Brazil,1106,2,1.113,0,0.7849999999999999,14
Amad Diallo,Midfielder,Côte d'Ivoire,184,2,1.1019999999999999,0,0.588,4
Son Heung-min,Forward,South Korea,801,2,1.1,1,0.8119999999999999,10
Alistair Johnston,Defender,Canada,720,0,1.092,0,1.988,8
Serge Gnabry,Midfielder,Germany,264,1,1.088,1,0.6609999999999999,3
Emam Ashour,Midfielder,Egypt,366,2,1.086,0,0.203,5
Phil Foden,Midfielder,England,259,1,1.0759999999999998,2,0.446,5
Alphonso Davies,Defender,Canada,285,1,1.0710000000000002,0,0.292,8
Abbosbek Fayzullaev,Midfielder,Uzbekistan,223,1,1.051,0,0.022,3
Arda Güler,Midfielder,Türkiye,277,1,1.038,0,0.707,3
Ao Tanaka,Midfielder,Japan,365,1,1.035,0,0.434,8
Kieffer Moore,Forward,Wales,225,0,1.028,0,0.089,3
Nico O'Reilly,Defender,England,462,0,1.026,0,0.185,8
Andreas Cornelius,Forward,Denmark,253,0,1.022,0,0.034999999999999996,7
Fabian Rieder,Midfielder,Switzerland,379,0,1.02,0,0.181,10
Abdulelah Al-Amri,Defender,Saudi Arabia,436,1,1.019,0,0.423,6
Nicolás Tagliafico,Defender,Argentina,1198,0,1.008,0,0.9550000000000001,19
Mousa Tamari,Forward,Jordan,217,1,1.002,1,0.14600000000000002,3
Caleb Yirenkyi,Midfielder,Ghana,272,1,0.999,0,0.057999999999999996,4
Scott McTominay,Midfielder,Scotland,270,0,0.989,0,0.047,3
Frenkie de Jong,Midfielder,Netherlands,807,1,0.985,1,0.9119999999999999,9
Rodrigo De Paul,Midfielder,Argentina,1097,0,0.977,1,1.674,15
Weston McKennie,Midfielder,USA,724,0,0.967,0,1.1139999999999999,9
Jhon Arias,Midfielder,Colombia,381,1,0.96,0,0.596,5
Sardar Azmoun,Forward,Iran,396,0,0.958,0,0.198,6
Dan Ndoye,Midfielder,Switzerland,408,2,0.9550000000000001,0,0.22699999999999998,6
Jean-Charles Castelletto,Defender,Cameroon,180,1,0.947,1,0.245,2
Fabián Ruiz,Midfielder,Spain,331,1,0.9410000000000001,0,0.328,8
Hwang Hee-chan,Forward,South Korea,437,1,0.9339999999999999,0,0.08600000000000001,10
Ramin Rezaeian,Defender,Iran,720,3,0.929,1,0.985,9
Mohamed Salah,Midfielder,Egypt,608,3,0.907,2,0.808,8
Malik Tillman,Midfielder,USA,370,2,0.906,1,0.702,5
Rodrigo Bentancur,Midfielder,Uruguay,849,0,0.864,1,0.251,11
Teboho Mokoena,Midfielder,South Africa,270,1,0.8480000000000001,0,0.268,3
Tani Oluwaseyi,Forward,Canada,260,0,0.838,0,0.078,5
Junya Ito,Midfielder,Japan,538,1,0.833,1,0.303,8
Rayan,Midfielder,Brazil,289,0,0.831,1,0.302,5
Mohammed Kudus,Midfielder,Ghana,249,2,0.831,0,0.08,3
Alexis Vega,Midfielder,Mexico,206,0,0.8300000000000001,0,0.07500000000000001,8
Eric Maxim Choupo-Moting,Forward,Cameroon,254,1,0.828,0,0.083,3
Marko Livaja,Forward,Croatia,242,1,0.821,1,0.079,7
Gareth Bale,Forward,Wales,225,1,0.803,0,0.217,3
Romain Saiss,Defender,Morocco,648,1,0.795,0,0.034999999999999996,10
Dries Mertens,Midfielder,Belgium,373,1,0.7949999999999999,1,0.075,10
Jackson Irvine,Midfielder,Australia,628,0,0.785,0,0.189,11
Nicolás González,Midfielder,Argentina,253,0,0.777,1,1.019,8
Antonio Rüdiger,Defender,Germany,622,0,0.773,0,0.18,10
Florian Wirtz,Midfielder,Germany,363,0,0.769,3,1.741,4
Mohammed Salisu,Defender,Ghana,270,1,0.768,0,0.34500000000000003,3
Federico Valverde,Midfielder,Uruguay,507,0,0.7670000000000001,0,0.653,6
Gabriel Martinelli,Forward,Brazil,260,1,0.765,0,0.723,10
Michy Batshuayi,Forward,Belgium,266,2,0.761,0,0.022000000000000002,10
Kim Young-gwon,Defender,South Korea,621,2,0.753,0,0.148,7
Anthony Gordon,Forward,England,412,1,0.743,3,0.42999999999999994,8
Daniel Muñoz,Midfielder,Colombia,399,2,0.742,0,0.444,5
Denzel Dumfries,Midfielder,Netherlands,870,1,0.741,4,1.2570000000000001,9
Franck Kessié,Midfielder,Côte d'Ivoire,347,1,0.739,0,0.124,4
Boulaye Dia,Forward,Senegal,320,1,0.738,0,0.08399999999999999,4
Johan Manzambi,Midfielder,Switzerland,200,3,0.7360000000000001,2,0.32,4
Ali Al-Hamadi,Forward,Iraq,181,0,0.7330000000000001,0,0.014,3
Rafael Leão,Forward,Portugal,249,3,0.72,1,0.513,10
Alexander Freeman,Defender,USA,378,1,0.72,1,0.108,5
Evidence Makgopa,Forward,South Africa,213,0,0.719,0,0.037,4
Agustín Canobbio,Midfielder,Uruguay,235,1,0.711,0,0.17200000000000001,6
Leon Goretzka,Midfielder,Germany,326,0,0.704,0,0.193,10
Timothy Weah,Midfielder,USA,396,1,0.698,0,0.215,9
Désiré Doué,Forward,France,409,1,0.6910000000000001,1,0.622,8
Sadio Mané,Midfielder,Senegal,633,1,0.679,1,1.018,7
Dayot Upamecano,Defender,France,1152,0,0.677,1,0.525,15
Antoine Griezmann,Forward,France,1107,4,0.672,5,3.636,14
Alex Baena,Midfielder,Spain,487,1,0.6699999999999999,1,1.354,8
Derek Cornelius,Defender,Canada,315,0,0.669,0,0.048,8
Alexander Sørloth,Forward,Norway,341,0,0.661,0,0.993,6
Nestory Irankunda,Forward,Australia,264,1,0.654,0,0.2,4
Ayase Ueda,Forward,Japan,369,2,0.645,1,0.361,8
Nicolas Jackson,Forward,Senegal,250,0,0.642,1,0.18,8
Ángel Di María,Forward,Argentina,527,2,0.637,1,0.666,11
Mateo Kovačić,Midfielder,Croatia,1092,0,0.636,2,1.314,18
Achraf Dari,Defender,Morocco,187,1,0.633,0,0.01,7
Hwang In-beom,Midfielder,South Korea,606,1,0.626,1,0.8019999999999999,7
Denis Zakaria,Midfielder,Switzerland,466,0,0.623,1,0.5609999999999999,14
Derrick Luckassen,Defender,Ghana,180,1,0.613,0,0.026,4
Azzedine Ounahi,Midfielder,Morocco,1007,2,0.611,0,1.1360000000000001,13
Moisés Caicedo,Midfielder,Ecuador,629,1,0.601,0,2.106,7
Saeid Ezatolahi,Midfielder,Iran,649,0,0.594,0,0.402,8
Nikola Vlašić,Midfielder,Croatia,394,1,0.5900000000000001,0,0.27799999999999997,11
Alexander Isak,Forward,Sweden,360,1,0.5890000000000001,3,0.482,4
Oscar Bobb,Midfielder,Norway,233,0,0.589,0,0.48,6
Brenden Aaronson,Midfielder,USA,182,0,0.587,0,0.376,9
Federico Viñas,Forward,Uruguay,192,0,0.585,0,0.082,3
Finn Surman,Defender,New Zealand,281,1,0.5740000000000001,0,0.134,3
Theo Hernández,Defender,France,763,1,0.5690000000000001,2,1.128,15
Piero Hincapié,Defender,Ecuador,611,0,0.569,0,0.16699999999999998,7
Piotr Zielinski,Midfielder,Poland,589,1,0.567,0,0.366,7
John Yeboah,Forward,Ecuador,315,0,0.56,0,0.57,4
Nico Elvedi,Defender,Switzerland,787,0,0.559,0,0.175,13
Gustavo Puerta,Midfielder,Colombia,470,0,0.5529999999999999,1,0.403,5
Edmilson Junior,Midfielder,Qatar,212,0,0.5469999999999999,1,0.608,3
Michal Sadílek,Midfielder,Czechia,190,1,0.543,0,0.135,3
Thiago Almada,Midfielder,Argentina,256,0,0.533,0,0.342,15
Hiroki Sakai,Defender,Japan,479,0,0.533,0,0.092,8
Mario Pašalić,Midfielder,Croatia,396,0,0.533,0,0.6709999999999999,11
Marcelo Brozovic,Midfielder,Croatia,1012,0,0.532,1,0.158,14
Brandon Mechele,Defender,Belgium,575,0,0.53,0,0.111,6
Issam Jebali,Forward,Tunisia,184,0,0.529,0,0.195,3
Ritsu Doan,Midfielder,Japan,500,2,0.526,1,0.796,8
Neil El Aynaoui,Midfielder,Morocco,563,0,0.519,0,0.20400000000000001,6
Elijah Just,Midfielder,New Zealand,265,3,0.5189999999999999,0,0.362,3
Mohamed Kanno,Midfielder,Saudi Arabia,510,0,0.518,0,0.17400000000000002,9
Luis Javier Suárez,Forward,Colombia,332,0,0.517,1,0.156,5
Darwin Núñez,Forward,Uruguay,397,0,0.514,0,0.086,6
Nathaniel Brown,Defender,Germany,283,1,0.512,1,1.111,3
Cristian Romero,Defender,Argentina,1159,1,0.511,0,0.15,15
Davinson Sánchez,Defender,Colombia,870,0,0.51,0,0.112,9
Nahuel Molina,Defender,Argentina,1099,1,0.509,1,0.358,15
Steven Bergwijn,Midfielder,Netherlands,214,0,0.506,0,0.25,5
Remo Freuler,Midfielder,Switzerland,925,1,0.503,0,0.77,14
Idrissa Gana Gueye,Midfielder,Senegal,904,0,0.5,0,0.921,10
Amadou Onana,Midfielder,Belgium,211,0,0.499,0,0.257,7
Pape Gueye,Midfielder,Senegal,388,2,0.495,1,0.20400000000000001,8
Kalidou Koulibaly,Defender,Senegal,792,1,0.494,0,0.055,11
Pepe,Defender,Portugal,720,2,0.49300000000000005,0,0.04,9
Saman Ghoddos,Midfielder,Iran,285,0,0.491,0,0.055,9
Nico Williams,Midfielder,Spain,266,0,0.489,1,0.48000000000000004,12
Djed Spence,Defender,England,415,0,0.488,0,0.11499999999999999,8
Aurélien Tchouaméni,Midfielder,France,983,1,0.476,1,0.622,15
Thapelo Maseko,Midfielder,South Africa,245,1,0.47500000000000003,0,0.053000000000000005,4
Ladislav Krejčí,Defender,Czechia,277,1,0.469,0,0.07100000000000001,3
Aleksandar Pavlović,Midfielder,Germany,274,0,0.467,0,0.492,4
Ezri Konsa,Defender,England,660,1,0.46599999999999997,0,0.106,8
Joshua Kimmich,Midfielder,Germany,893,0,0.46399999999999997,2,2.6109999999999998,10
Kenan Yıldız,Forward,Türkiye,226,0,0.45599999999999996,0,0.7080000000000001,3
Torbjørn Heggem,Defender,Norway,444,0,0.45,0,0.027,6
Almoez Ali,Midfielder,Qatar,244,0,0.434,0,0.008,6
Wahbi Khazri,Forward,Tunisia,346,3,0.43,2,0.018,6
Mahmoud Trézéguet,Midfielder,Egypt,411,1,0.43,1,0.057999999999999996,8
Rodri,Midfielder,Spain,1116,0,0.429,0,1.314,12
Yeltsin Tejeda,Midfielder,Costa Rica,276,1,0.428,1,0.042,6
Raphael Guerreiro,Defender,Portugal,639,1,0.426,3,0.673,9
Luis Suárez,Forward,Uruguay,597,2,0.42200000000000004,2,0.12,8
Noni Madueke,Forward,England,288,0,0.42,0,1.619,8
Marc Cucurella,Defender,Spain,750,0,0.42,2,1.181,8
Brahim Díaz,Midfielder,Morocco,462,0,0.41900000000000004,4,0.931,6
Luka Modrić,Midfielder,Croatia,1669,2,0.416,2,1.502,18
John Stones,Defender,England,1424,2,0.413,0,0.175,20
Amine Gouiri,Forward,Algeria,260,1,0.408,0,0.069,4
Farès Chaïbi,Midfielder,Algeria,367,0,0.404,0,0.17099999999999999,4
Julio Enciso,Midfielder,Paraguay,387,1,0.403,2,0.268,5
Leandro Bacuna,Midfielder,Curaçao,270,0,0.397,0,0.074,3
Aymeric Laporte,Defender,Spain,1028,0,0.394,1,0.409,12
John McGinn,Midfielder,Scotland,261,1,0.392,0,0.392,3
Iñaki Williams,Midfielder,Ghana,380,0,0.387,1,0.064,7
Jae-sung Lee,Midfielder,South Korea,603,0,0.383,1,0.422,10
Daley Blind,Defender,Netherlands,424,1,0.381,1,0.39799999999999996,5
Keysher Fuller,Midfielder,Costa Rica,254,1,0.381,0,0.123,3
Felix Nmecha,Midfielder,Germany,272,1,0.378,1,0.525,4
Hakim Ziyech,Midfielder,Morocco,903,1,0.374,1,0.495,10
Harry Maguire,Defender,England,1075,1,0.374,2,0.087,12
Mauricio,Midfielder,Paraguay,183,1,0.37,0,0.171,5
Ibrahima Konaté,Defender,France,355,0,0.368,0,0.296,15
Anthony Elanga,Forward,Sweden,221,2,0.367,0,0.113,4
Mohammed Al-Burayk,Defender,Saudi Arabia,336,0,0.366,0,0.083,5
Yan Diomande,Forward,Côte d'Ivoire,331,0,0.366,1,1.789,4
Sergiño Dest,Defender,USA,607,0,0.366,1,0.968,9
Raheem Sterling,Forward,England,604,1,0.366,2,0.062,11
Jakub Kamiński,Midfielder,Poland,233,0,0.366,0,0.38,4
Andreas Christensen,Defender,Denmark,576,1,0.364,0,0.043000000000000003,7
Kang-in Lee,Midfielder,South Korea,429,0,0.363,2,0.9339999999999999,7
Hans Vanaken,Midfielder,Belgium,329,1,0.362,2,0.5569999999999999,9
Gabriel Jesus,Forward,Brazil,505,0,0.362,1,0.068,8
Pathé Ismaël Ciss,Midfielder,Senegal,336,0,0.357,0,0.057,8
Mitchell Duke,Forward,Australia,274,1,0.356,0,0.016,4
Merih Demiral,Defender,Türkiye,187,0,0.35500000000000004,0,0.173,3
Hakan Çalhanoğlu,Midfielder,Türkiye,187,0,0.355,0,0.6859999999999999,3
Iliman Ndiaye,Midfielder,Senegal,259,1,0.351,3,0.393,8
Richie Laryea,Defender,Canada,592,0,0.351,0,1.583,8
Ali Olwan,Forward,Jordan,268,1,0.351,0,0.21400000000000002,3
Arthur Theate,Defender,Belgium,227,0,0.35000000000000003,0,0.027999999999999997,9
Raphaël Varane,Defender,France,1151,1,0.348,0,0.035,14
Ben Davies,Defender,Wales,239,0,0.346,0,0.034,3
Ricardo Pepi,Forward,USA,217,0,0.34299999999999997,0,0.193,5
Hassan Al Haydos,Forward,Qatar,275,1,0.34,0,0.51,6
Bernardo Silva,Midfielder,Portugal,699,0,0.33899999999999997,0,0.33499999999999996,14
Stephen Eustaquio,Midfielder,Canada,517,1,0.336,0,1.9569999999999999,7
Djibril Sow,Midfielder,Switzerland,523,0,0.332,1,0.247,10
Renato Veiga,Defender,Portugal,450,0,0.331,0,0.059,5
Kim Jin-su,Defender,South Korea,315,0,0.33,1,0.648,4
Victor Lindelöf,Defender,Sweden,724,0,0.326,0,0.075,8
Jamiro Monteiro,Midfielder,Cabo Verde,283,0,0.325,0,0.24900000000000003,4
Mohammad Mohebi,Forward,Iran,245,1,0.319,0,0.066,3
Xherdan Shaqiri,Midfielder,Switzerland,582,2,0.316,2,1.039,8
Joško Gvardiol,Defender,Croatia,852,1,0.316,0,0.322,11
Michael Estrada,Forward,Ecuador,227,0,0.315,0,0.363,3
Thomas Müller,Midfielder,Germany,410,0,0.315,0,0.481,6
Yunus Musah,Midfielder,USA,345,0,0.31,0,0.20099999999999998,4
Nico Schlotterbeck,Defender,Germany,234,1,0.309,0,0.157,5
Yasin Ayari,Midfielder,Sweden,348,2,0.307,0,0.49,4
Lisandro Martínez,Defender,Argentina,927,1,0.307,1,0.821,15
Bilal El Khannouss,Midfielder,Morocco,522,0,0.306,0,0.7290000000000001,13
James Rodríguez,Midfielder,Colombia,469,0,0.306,2,0.857,8
Jesper Lindstrøm,Midfielder,Denmark,200,0,0.305,0,0.035,3
Tim Ream,Defender,USA,725,0,0.3,0,0.113,9
Abdelkarim Hassan,Defender,Qatar,270,0,0.296,0,0.049,3
Manuel Neuer,Goalkeeper,Germany,930,0,0.292,0,0.004,10
Luis Chávez,Midfielder,Mexico,294,1,0.29100000000000004,0,0.807,8
Manu Koné,Midfielder,France,397,0,0.28700000000000003,0,0.247,8
Edinson Cavani,Forward,Uruguay,466,3,0.28700000000000003,0,0.159,7
Kristoffer Ajer,Defender,Norway,480,0,0.28700000000000003,0,0.42200000000000004,6
Antoine Semenyo,Midfielder,Ghana,387,0,0.28600000000000003,0,0.046,7
Virgil van Dijk,Defender,Netherlands,870,1,0.285,1,0.241,9
Antonio Nusa,Forward,Norway,325,1,0.28400000000000003,0,0.186,6
Nicolas N'Koulou,Defender,Cameroon,180,0,0.283,0,0.025,2
Nizar Al-Rashdan,Midfielder,Jordan,256,1,0.28,0,0.057999999999999996,3
Craig Goodwin,Midfielder,Australia,235,1,0.28,0,0.293,4
Yannick Carrasco,Forward,Belgium,356,0,0.28,0,0.05,10
Jean-Ricner Bellegarde,Midfielder,Haiti,261,0,0.279,0,0.275,3
Thomas Meunier,Defender,Belgium,859,1,0.272,3,0.53,15
Pedro Miguel,Defender,Qatar,533,0,0.272,0,0.10099999999999999,6
Marcel Sabitzer,Midfielder,Austria,360,1,0.272,0,0.994,4
Jules Koundé,Defender,France,1108,0,0.26999999999999996,0,0.508,15
Tijjani Reijnders,Midfielder,Netherlands,201,0,0.269,1,0.384,4
Pedri,Midfielder,Spain,856,0,0.264,0,3.108,12
Thomas Partey,Midfielder,Ghana,540,0,0.263,0,0.221,6
Chris Wood,Forward,New Zealand,281,0,0.262,2,0.191,3
Teun Koopmeiners,Midfielder,Netherlands,342,0,0.261,1,0.29500000000000004,9
Marquinhos,Defender,Brazil,882,0,0.261,0,1.332,15
Carlos Harvey,Midfielder,Panama,268,0,0.26,0,0.171,3
Dejan Lovren,Defender,Croatia,1251,0,0.256,1,0.076,14
Roberto Alvarado,Forward,Mexico,460,0,0.253,3,1.465,8
Steven Berghuis,Forward,Netherlands,199,0,0.251,1,0.157,5
Sofiane Boufal,Forward,Morocco,482,0,0.251,0,0.45299999999999996,7
Edson Álvarez,Midfielder,Mexico,702,0,0.251,0,0.403,12
Shogo Taniguchi,Defender,Japan,441,0,0.25,0,0.037,8
Pico,Defender,Cabo Verde,390,0,0.249,0,0.018,4
Arkadiusz Milik,Forward,Poland,180,0,0.246,0,0.011,7
Johan Mojica,Defender,Colombia,780,0,0.246,0,0.155,9
Jefferson Lerma,Midfielder,Colombia,588,0,0.243,0,0.174,9
César Montes,Defender,Mexico,585,0,0.243,1,0.582,7
Mathew Leckie,Midfielder,Australia,667,1,0.242,1,0.05,9
Connor Metcalfe,Midfielder,Australia,322,1,0.242,0,0.119,4
Cédric Bakambu,Forward,DR Congo,193,0,0.242,0,0.20400000000000001,4
Declan Rice,Midfielder,England,989,1,0.241,2,1.2389999999999999,13
Alireza Jahanbakhsh,Forward,Iran,282,0,0.24,0,0.323,8
Jordan Bos,Defender,Australia,309,0,0.23800000000000002,0,0.223,4
Juninho Bacuna,Midfielder,Curaçao,255,0,0.238,0,0.139,3
Livano Comenencia,Defender,Curaçao,235,1,0.238,0,0.07,3
Ryan Mendes,Midfielder,Cabo Verde,331,0,0.237,1,0.164,4
Amir Murillo,Defender,Panama,450,0,0.23600000000000002,0,0.277,5
Davy Klaassen,Midfielder,Netherlands,191,1,0.235,2,0.062,5
Brian Gutiérrez,Midfielder,Mexico,211,0,0.23399999999999999,0,0.217,5
Giovanni Reyna,Midfielder,USA,193,1,0.23299999999999998,0,0.223,9
Eldor Shomurodov,Forward,Uzbekistan,269,1,0.23299999999999998,0,0.118,3
Ali Ahmed,Midfielder,Canada,236,0,0.228,0,0.318,5
Jan Paul van Hecke,Defender,Netherlands,390,1,0.22799999999999998,0,0.32399999999999995,4
Kamil Glik,Defender,Poland,460,0,0.22799999999999998,0,0.008,7
Christ Inao Oulaï,Midfielder,Côte d'Ivoire,208,0,0.227,0,0.331,4
Daniel Amartey,Midfielder,Ghana,270,0,0.226,0,0.03,3
Yahia Attiyat Allah,Defender,Morocco,316,0,0.22599999999999998,1,0.295,7
Nuno Mendes,Defender,Portugal,439,1,0.22599999999999998,0,0.899,6
Kerim Alajbegović,Midfielder,Bosnia & Herzegovina,277,1,0.225,0,0.32,4
Elliot Anderson,Midfielder,England,634,0,0.221,1,0.566,8
Diego Gómez,Midfielder,Paraguay,307,0,0.22,0,0.037,4
João Neves,Midfielder,Portugal,391,1,0.22,0,0.281,5
Michael Boxall,Defender,New Zealand,217,0,0.22,0,0.04,3
Jesús Gallardo,Defender,Mexico,1004,0,0.218,0,0.399,12
Ghislain Konan,Defender,Côte d'Ivoire,269,0,0.218,0,0.059,4
Moise Bombito,Defender,Canada,194,0,0.215,0,0.107,5
Selim Amallah,Midfielder,Morocco,409,0,0.214,0,0.11699999999999999,7
Luc De Fougerolles,Defender,Canada,372,0,0.21399999999999997,0,0.147,5
Mason Mount,Midfielder,England,186,0,0.212,0,0.058,5
Donyell Malen,Forward,Netherlands,187,0,0.211,0,0.211,4
Pau Cubarsí,Defender,Spain,750,0,0.20800000000000002,0,0.729,8
Bryan Mbeumo,Forward,Cameroon,226,0,0.20800000000000002,0,0.17,3
Joel Ordóñez,Defender,Ecuador,225,0,0.205,0,0.03,4
Jérémy Doku,Midfielder,Belgium,334,0,0.20400000000000001,0,0.858,8
Patrik Schick,Forward,Czechia,180,0,0.2,0,0.01,3
Stefan Posch,Defender,Austria,333,0,0.19899999999999998,0,0.198,4
Sarpreet Singh,Midfielder,New Zealand,210,0,0.19599999999999998,0,0.061,3
Krépin Diatta,Midfielder,Senegal,572,0,0.195,0,0.7210000000000001,8
Ryan Gravenberch,Midfielder,Netherlands,347,0,0.195,2,0.29000000000000004,4
Ibrahim Bayesh,Midfielder,Iraq,237,0,0.192,0,0.061,3
Haris Seferović,Forward,Switzerland,210,0,0.19,0,0.006,8
Hirving Lozano,Forward,Mexico,577,1,0.19,1,0.854,7
Diney Borges,Defender,Cabo Verde,390,0,0.187,0,0.018,4
Steve Kapuadi,Defender,DR Congo,180,0,0.187,0,0.008,4
Alessandro Circati,Defender,Australia,397,0,0.187,0,0.079,4
Andreas Schjelderup,Midfielder,Norway,251,1,0.186,3,0.738,6
Tarik Muharemović,Defender,Bosnia & Herzegovina,260,0,0.186,0,0.017,3
Éder Militão,Defender,Brazil,348,0,0.184,0,0.10500000000000001,5
Gavi,Midfielder,Spain,369,1,0.184,0,0.258,12
Ehsan Hajsafi,Defender,Iran,545,0,0.184,0,0.285,9
Nicolas Seiwald,Midfielder,Austria,315,0,0.181,0,0.094,4
Wataru Endo,Midfielder,Japan,311,0,0.18,0,0.375,8
Héctor Moreno,Defender,Mexico,540,0,0.18,0,0.024,6
Christian Eriksen,Midfielder,Denmark,660,1,0.17900000000000002,1,0.384,7
Nikola Milenković,Defender,Serbia,540,0,0.179,0,0.024999999999999998,6
Issa Diop,Defender,Morocco,477,1,0.178,0,0.026000000000000002,6
Giuliano Simeone,Midfielder,Argentina,193,0,0.177,0,0.071,8
Sergej Milinkovic-Savic,Midfielder,Serbia,506,1,0.172,0,0.228,6
Krystian Bielik,Defender,Poland,216,0,0.17099999999999999,0,0.053000000000000005,4
Facundo Pellistri,Midfielder,Uruguay,182,0,0.17,0,0.166,6
Strahinja Pavlović,Defender,Serbia,236,1,0.16999999999999998,0,0.055,3
Keito Nakamura,Midfielder,Japan,310,1,0.16899999999999998,1,0.409,4
Mohanad Lasheen,Midfielder,Egypt,370,0,0.168,0,0.08399999999999999,4
Aziz Behich,Defender,Australia,853,0,0.167,0,0.05,11
Jan Vertonghen,Defender,Belgium,816,1,0.16699999999999998,0,0.023,10
Junior Alonso,Defender,Paraguay,401,0,0.16699999999999998,0,0.017,5
Josip Šutalo,Defender,Croatia,450,0,0.166,0,0.091,11
Nayef Aguerd,Defender,Morocco,354,0,0.166,0,0.008,5
José María Giménez,Defender,Uruguay,630,1,0.16599999999999998,0,0.34700000000000003,10
Vitinha,Midfielder,Portugal,499,0,0.164,0,0.46,10
Hossein Kanaani,Defender,Iran,180,0,0.163,0,0.01,6
Jordan Henderson,Midfielder,England,766,1,0.163,0,1.423,20
Ben Gannon-Doak,Midfielder,Scotland,187,0,0.16299999999999998,0,0.089,3
Thiago Silva,Defender,Brazil,853,1,0.159,1,0.645,10
Hidemasa Morita,Midfielder,Japan,285,0,0.158,0,0.08600000000000001,4
Youssouf Fofana,Midfielder,France,225,0,0.158,0,0.11499999999999999,7
Jhon Lucumí,Defender,Colombia,479,0,0.158,0,0.048,5
Kim Min-jae,Defender,South Korea,529,0,0.156,0,0.101,7
Aubrey Modiba,Defender,South Africa,347,0,0.15500000000000003,0,0.254,4
José Luis Rodríguez,Midfielder,Panama,478,0,0.155,0,0.04,6
Noussair Mazraoui,Defender,Morocco,853,0,0.154,0,0.166,11
João Cancelo,Defender,Portugal,623,0,0.153,1,0.59,10
Gilberto Mora,Midfielder,Mexico,215,0,0.152,0,0.299,5
Gustaf Lagerbielke,Defender,Sweden,367,0,0.15100000000000002,0,0.061,4
Kendall Waston,Defender,Costa Rica,315,1,0.151,0,0.001,6
Wilson Isidor,Forward,Haiti,188,1,0.15000000000000002,0,0.073,3
Pedro Vite,Midfielder,Ecuador,360,0,0.15,1,0.841,4
Eberechi Eze,Midfielder,England,209,0,0.15,1,1.2,8
Douglas Santos,Defender,Brazil,442,0,0.15,0,0.509,5
Ko Itakura,Defender,Japan,399,0,0.15,2,0.079,7
Anis Ben Slimane,Midfielder,Tunisia,392,0,0.15,0,0.197,6
Sebastián Cáceres,Defender,Uruguay,270,0,0.148,0,0.255,3
Shoja Khalilzadeh,Defender,Iran,270,0,0.148,0,0.013000000000000001,6
Morgan Rogers,Midfielder,England,349,0,0.148,1,0.854,8
Rafik Belghali,Midfielder,Algeria,333,1,0.14600000000000002,0,0.421,4
Riley McGree,Midfielder,Australia,269,0,0.14400000000000002,1,0.276,4
Sergio Busquets,Midfielder,Spain,754,0,0.144,1,0.22999999999999998,8
Naïm Sliti,Midfielder,Tunisia,295,0,0.144,0,0.104,6
Ricardo Adé,Defender,Haiti,270,0,0.143,0,0.08399999999999999,3
Timothy Castagne,Defender,Belgium,753,0,0.14200000000000002,1,0.902,9
Mathías Olivera,Defender,Uruguay,525,0,0.14200000000000002,0,0.876,6
Nathan-Dylan Saliba,Midfielder,Canada,182,1,0.142,2,0.42800000000000005,5
Fabian Schar,Defender,Switzerland,405,0,0.142,0,0.013999999999999999,7
Takehiro Tomiyasu,Defender,Japan,370,0,0.14,0,0.093,8
Akram Afif,Midfielder,Qatar,509,0,0.139,0,0.625,6
Paul Wanner,Midfielder,Austria,234,0,0.137,0,0.092,4
Ruben Providence,Midfielder,Haiti,223,0,0.134,0,0.211,3
Petar Sučić,Midfielder,Croatia,288,1,0.134,1,0.46900000000000003,4
Lamine Camara,Midfielder,Senegal,250,0,0.133,1,0.894,4
Kevin Danso,Defender,Austria,239,0,0.133,0,0.165,4
Aissa Laïdouni,Midfielder,Tunisia,245,0,0.131,1,0.20800000000000002,3
Guéla Doué,Defender,Côte d'Ivoire,277,0,0.129,0,0.349,4
Rami Rabia,Defender,Egypt,379,0,0.128,0,0.072,5
Sebastian Berhalter,Midfielder,USA,200,1,0.128,1,0.387,5
Han-Beom Lee,Defender,South Korea,284,0,0.127,0,0.08499999999999999,3
Michael Gregoritsch,Forward,Austria,190,0,0.125,1,0.23700000000000002,4
Jonas Adjei Adjetey,Defender,Ghana,225,0,0.125,0,0.016,4
Juan Fernando Quintero,Midfielder,Colombia,427,1,0.12400000000000001,3,1.115,9
Ermedin Demirović,Forward,Bosnia & Herzegovina,356,0,0.123,0,0.033,4
Lucas Bergvall,Midfielder,Sweden,185,0,0.123,1,0.072,4
Kevin Pina,Midfielder,Cabo Verde,351,1,0.123,0,0.051000000000000004,4
Luis Romo,Defender,Mexico,268,1,0.122,1,0.225,8
Patrick Berg,Midfielder,Norway,444,0,0.121,2,1.21,6
Milad Mohammadi,Defender,Iran,457,0,0.121,0,0.106,9
Nathan Aké,Defender,Netherlands,649,0,0.119,0,0.14,9
Rúben Neves,Midfielder,Portugal,325,0,0.118,0,0.121,10
Marko Stamenić,Midfielder,New Zealand,280,0,0.118,0,0.455,3
Bruno Petkovic,Forward,Croatia,230,1,0.117,0,0.16699999999999998,7
Martin Baturina,Midfielder,Croatia,324,1,0.11699999999999999,0,0.303,4
Félix Torres,Defender,Ecuador,283,0,0.116,1,0.014,7
Willian Pacho,Defender,Ecuador,360,0,0.116,0,0.044,7
Firas Al-Buraikan,Forward,Saudi Arabia,508,0,0.11499999999999999,1,0.209,6
Marc Guéhi,Defender,England,682,0,0.112,0,0.746,8
Otavio,Midfielder,Portugal,199,0,0.112,0,0.534,3
Crysencio Summerville,Midfielder,Netherlands,253,2,0.111,2,0.42,4
Juan Sanabria,Defender,Uruguay,205,0,0.111,0,0.24000000000000002,3
Samuel Moutoussamy,Midfielder,DR Congo,333,0,0.11000000000000001,0,0.175,4
Niklas Sule,Defender,Germany,359,0,0.109,0,0.099,6
Emmanuel Agbadou,Defender,Côte d'Ivoire,270,0,0.108,0,0.024,4
Oswin Appollis,Midfielder,South Africa,255,0,0.107,0,0.189,4
Tahith Chong,Midfielder,Curaçao,249,0,0.107,0,0.066,3
Abdülkerim Bardakcı,Defender,Türkiye,273,0,0.106,0,0.167,3
Deroy Duarte,Midfielder,Cabo Verde,264,1,0.106,0,0.038,4
Nicolas Raskin,Midfielder,Belgium,346,0,0.105,2,1.413,6
Danilo,Defender,Brazil,777,0,0.104,0,0.877,10
Matias Vecino,Midfielder,Uruguay,612,0,0.104,0,0.031,8
Jawad El Yamiq,Defender,Morocco,308,0,0.10300000000000001,0,0.01,7
Ahmad Nourollahi,Midfielder,Iran,226,0,0.103,0,0.014,3
Yasser Ibrahim,Defender,Egypt,477,1,0.103,0,0.101,5
Sidny Lopes Cabral,Defender,Cabo Verde,286,1,0.102,0,0.09999999999999999,3
Harry Souttar,Defender,Australia,757,0,0.1,0,0.115,8
Sebastián Coates,Defender,Uruguay,270,0,0.099,0,0.032,8
Joachim Andersen,Defender,Denmark,270,0,0.099,1,0.056999999999999995,3
Mohamed Hany,Defender,Egypt,491,0,0.098,1,0.604,5
Luke Shaw,Defender,England,425,0,0.098,1,0.9329999999999999,5
Sherel Constancio Floranus,Defender,Curaçao,270,0,0.097,0,0.026,3
Philipp Lienhart,Defender,Austria,180,0,0.096,0,0.015,4
Marwan Attia,Midfielder,Egypt,445,0,0.096,1,1.293,5
Ismail Jakobs,Defender,Senegal,498,0,0.095,1,0.797,8
Marvin Senaya,Defender,Ghana,280,0,0.094,0,0.019,4
Young-woo Seol,Defender,South Korea,258,0,0.094,0,0.5,3
Chancel Mbemba,Defender,DR Congo,360,0,0.093,1,0.035,4
Matías Galarza,Midfielder,Paraguay,399,1,0.091,1,0.194,5
Amar Memić,Midfielder,Bosnia & Herzegovina,224,0,0.09,0,0.013999999999999999,4
Cristian Martínez,Midfielder,Panama,243,0,0.09,0,0.16999999999999998,3
Neco Williams,Defender,Wales,205,0,0.089,0,0.035,3
Marin Pongračić,Defender,Croatia,270,0,0.087,0,0.019,4
Aiden O'Neill,Midfielder,Australia,367,0,0.08600000000000001,0,0.361,4
Saleh Al-Shehri,Forward,Saudi Arabia,226,1,0.086,0,0.038,6
Montassar Talbi,Defender,Tunisia,547,0,0.086,0,0.06,6
Gustavo Gómez,Defender,Paraguay,491,0,0.086,0,0.02,5
Leandro Paredes,Midfielder,Argentina,697,0,0.086,0,0.669,15
Gonzalo Montiel,Defender,Argentina,307,0,0.085,1,0.701,14
Leander Dendoncker,Midfielder,Belgium,252,0,0.085,0,0.335,10
Marcos Acuña,Defender,Argentina,464,0,0.085,0,0.391,10
Miguel Almirón,Midfielder,Paraguay,288,0,0.08499999999999999,0,0.04,4
Yoel Bárcenas,Midfielder,Panama,472,0,0.082,0,0.313,6
Nikola Katić,Defender,Bosnia & Herzegovina,318,0,0.081,0,0.031,4
Akmal Mozgovoy,Midfielder,Uzbekistan,217,0,0.08,1,0.051,3
Esmir Bajraktarević,Forward,Bosnia & Herzegovina,229,0,0.07999999999999999,0,0.045,4
Morteza Pouraliganji,Defender,Iran,540,0,0.079,0,0.185,6
Issa Laye,Defender,Qatar,270,0,0.079,0,0.007,3
Dušan Tadić,Forward,Serbia,521,0,0.078,3,1.069,6
Ali Nemati,Defender,Iran,270,0,0.077,0,0.036,3
Moussa Niakhaté,Defender,Senegal,390,0,0.076,1,0.299,4
Thalente Mbatha,Midfielder,South Africa,259,0,0.076,0,0.048999999999999995,4
Sherzod Nasrullaev,Defender,Uzbekistan,180,0,0.076,0,0.045,3
Diogo Dalot,Defender,Portugal,323,0,0.07500000000000001,1,0.477,10
Kamaldeen Sulemana,Forward,Ghana,186,0,0.074,0,0.173,7
Ismael Koné,Midfielder,Canada,253,0,0.07300000000000001,0,0.407,5
Walker Zimmerman,Defender,USA,278,0,0.072,0,0.019,4
Yassine Meriah,Defender,Tunisia,540,0,0.072,0,0.026,6
Dylan Bronn,Defender,Tunisia,322,1,0.072,0,0.03,8
Martin Braithwaite,Forward,Denmark,353,0,0.069,0,0.062,7
Ellyes Skhiri,Midfielder,Tunisia,791,0,0.069,0,0.08,9
Israel Reyes,Defender,Mexico,207,0,0.069,0,0.039,5
Ángelo Preciado,Midfielder,Ecuador,377,0,0.069,1,0.262,7
Saud Abdulhamid,Midfielder,Saudi Arabia,539,0,0.06899999999999999,0,0.155,6
Karim Ansarifard,Forward,Iran,213,1,0.068,0,0.044,6
Pervis Estupiñán,Midfielder,Ecuador,359,0,0.068,0,0.449,7
Nicolás Otamendi,Defender,Argentina,1293,0,0.068,1,0.272,19
Ayyoub Bouaddi,Midfielder,Morocco,384,0,0.067,0,0.053,6
Gabriel Magalhães,Defender,Brazil,450,0,0.067,1,0.489,5
Jürgen Locadia,Forward,Curaçao,237,0,0.067,0,0.049,3
William Carvalho,Midfielder,Portugal,574,0,0.067,0,0.043,9
Fredrik Aursnes,Midfielder,Norway,310,0,0.067,0,0.165,6
Borna Sosa,Midfielder,Croatia,425,0,0.066,0,0.497,6
Ahmed Fatouh,Defender,Egypt,279,0,0.064,0,0.32399999999999995,3
Sasa Lukic,Midfielder,Serbia,246,0,0.064,0,0.096,3
Hannibal Mejbri,Midfielder,Tunisia,287,0,0.063,2,0.29300000000000004,6
Mbekezeli Mbokazi,Defender,South Africa,360,0,0.062,0,0.08299999999999999,4
Micky van de Ven,Defender,Netherlands,266,0,0.061,0,0.039,4
Boualem Khoukhi,Defender,Qatar,540,0,0.061,0,0.326,6
Andrija Zivkovic,Midfielder,Serbia,228,0,0.06,2,0.8200000000000001,6
Nampalys Mendy,Midfielder,Senegal,273,0,0.06,0,0.059,4
Diego Godín,Defender,Uruguay,602,0,0.059,0,0.012,8
Manuel Ugarte,Midfielder,Uruguay,186,0,0.057,0,0.158,6
Juan Cáceres,Defender,Paraguay,450,0,0.056999999999999995,0,0.019000000000000003,5
Rayan Aït-Nouri,Defender,Algeria,291,0,0.056,0,0.131,4
Frank Anguissa,Midfielder,Cameroon,261,0,0.055,0,0.086,3
Ramy Bensebaini,Defender,Algeria,367,0,0.055,0,0.105,4
Chemsdine Talbi,Midfielder,Morocco,183,0,0.054,1,0.14300000000000002,6
Nathan Ngoy,Defender,Belgium,341,0,0.053,0,0.089,5
Eden Hazard,Forward,Belgium,654,3,0.053,2,0.054,10
Jordan Ayew,Forward,Ghana,440,0,0.052,1,0.644,7
William Saliba,Defender,France,518,0,0.051,0,0.1,15
Otabek Shukurov,Midfielder,Uzbekistan,238,0,0.05,0,0.08399999999999999,3
Ange-Yoan Bonny,Forward,Côte d'Ivoire,236,0,0.049,0,0.535,4
Lewis Ferguson,Midfielder,Scotland,270,0,0.049,0,0.132,3
Kieran Trippier,Defender,England,781,1,0.048,1,0.2,12
Aaron Mooy,Midfielder,Australia,630,0,0.048,0,0.119,7
Marcus Pedersen,Midfielder,Norway,236,1,0.047,0,0.247,6
Romano Schmid,Midfielder,Austria,266,1,0.047,0,0.362,4
Noor Al-Rawabdeh,Midfielder,Jordan,270,0,0.046,1,0.038,3
Youssouf Sabaly,Defender,Senegal,614,0,0.044,0,0.7210000000000001,7
Jorge Sánchez,Defender,Mexico,532,0,0.043,1,0.138,8
Seung Ho Paik,Midfielder,South Korea,231,1,0.043,0,0.097,7
Nilson Angulo,Midfielder,Ecuador,218,1,0.042,0,0.159,4
Aaron Ramsey,Midfielder,Wales,267,0,0.041,0,0.064,3
Mohannad Abu Taha,Midfielder,Jordan,265,0,0.04,0,0.175,3
Reece James,Defender,England,327,0,0.04,0,0.371,7
David Alaba,Defender,Austria,278,0,0.039999999999999994,1,0.42300000000000004,4
Ethan Ampadu,Midfielder,Wales,256,0,0.039,0,0.062,3
Joakim Mæhle,Defender,Denmark,250,0,0.039,0,0.10999999999999999,3
Steven Moreira,Defender,Cabo Verde,301,0,0.039,0,0.122,4
Lucas Digne,Defender,France,476,0,0.037000000000000005,0,0.253,8
Matty Cash,Defender,Poland,360,0,0.037,0,0.47,4
Jordi Alba,Defender,Spain,656,0,0.036000000000000004,2,0.663,8
Guillermo Varela,Defender,Uruguay,640,0,0.036,0,0.183,11
Kaishu Sano,Midfielder,Japan,270,1,0.036,1,0.333,4
Rúben Dias,Defender,Portugal,720,0,0.035,0,0.10200000000000001,14
Ali Abdi,Defender,Tunisia,476,0,0.035,0,0.074,6
Przemyslaw Frankowski,Midfielder,Poland,240,0,0.034,0,0.148,4
Johan Vásquez,Defender,Mexico,380,0,0.034,0,0.04699999999999999,8
Josip Juranović,Midfielder,Croatia,600,0,0.033,1,0.311,7
Jakub Kiwior,Defender,Poland,356,0,0.033,0,0.031,4
Omar Rekik,Defender,Tunisia,187,1,0.032,0,0.028999999999999998,3
Ali Gholizadeh,Midfielder,Iran,199,0,0.032,1,0.675,3
Merchas Doski,Defender,Iraq,270,0,0.031,0,0.352,3
Akam Hashem,Defender,Iraq,270,0,0.031,0,0.005,3
Sofyan Amrabat,Midfielder,Morocco,819,0,0.03,0,0.126,16
Woo-Young Jung,Midfielder,South Korea,431,0,0.03,0,0.10600000000000001,7
Nasser Al-Dawsari,Midfielder,Saudi Arabia,218,0,0.029,0,0.10600000000000001,6
David Raum,Defender,Germany,351,0,0.029,1,0.629,7
Chadi Riad,Defender,Morocco,345,0,0.028,1,0.018000000000000002,6
Alexander Bernhardsson,Midfielder,Sweden,221,0,0.028,0,0.058,4
Alex Sandro,Defender,Brazil,199,0,0.028,0,0.223,8
Pierre Emile Hojbjerg,Midfielder,Denmark,270,0,0.027999999999999997,0,0.122,3
Chris Richards,Defender,USA,365,0,0.027,0,0.041999999999999996,5
Tim Payne,Defender,New Zealand,227,0,0.027,1,0.117,3
Ivan Šunjić,Midfielder,Bosnia & Herzegovina,198,0,0.027,0,0.033,4
Pavel Šulc,Forward,Czechia,189,0,0.027,0,0.341,3
Vladimír Coufal,Defender,Czechia,277,0,0.027,1,0.33,3
Abdou Diallo,Defender,Senegal,332,0,0.027,0,0.049,4
Ibrahim Sangaré,Midfielder,Côte d'Ivoire,268,0,0.026,1,0.127,4
Amar Dedić,Defender,Bosnia & Herzegovina,270,0,0.026,0,0.023,4
Abdullah Al-Khaibari,Midfielder,Saudi Arabia,180,0,0.025,0,0.008,6
Andrés Cubas,Midfielder,Paraguay,491,0,0.025,0,0.04,5
Hiroki Itō,Defender,Japan,405,0,0.025,0,0.157,8
Axel Witsel,Midfielder,Belgium,851,0,0.025,0,0.05,16
Tyler Adams,Midfielder,USA,702,0,0.024,0,0.75,9
Collins Fai,Defender,Cameroon,270,0,0.024,0,0.191,3
Liberato Cacace,Midfielder,New Zealand,223,0,0.023,0,0.13,3
Salis Abdul Samed,Midfielder,Ghana,251,0,0.023,0,0.052000000000000005,3
Silvan Widmer,Midfielder,Switzerland,445,0,0.023,1,0.886,9
Abdelaziz Hatem,Midfielder,Qatar,241,0,0.023,0,0.044,6
Nabil Bentaleb,Midfielder,Algeria,287,0,0.022,0,0.206,4
Anass Salah-Eddine,Defender,Morocco,212,0,0.022,0,0.132,6
Josip Stanišić,Defender,Croatia,450,0,0.022,1,0.44,10
Martin Expérience,Defender,Haiti,270,0,0.021,0,0.073,3
Filip Kostic,Midfielder,Serbia,346,0,0.021,0,0.15599999999999997,6
Ferjani Sassi,Midfielder,Tunisia,249,1,0.02,0,0.019,6
Karim Boudiaf,Midfielder,Qatar,287,0,0.02,0,0.056,6
Grzegorz Krychowiak,Midfielder,Poland,604,1,0.019,0,0.061000000000000006,7
Ngal'ayel Mukau,Midfielder,DR Congo,196,0,0.019,0,0.09000000000000001,4
Joe Bell,Midfielder,New Zealand,255,0,0.019,0,0.08199999999999999,3
Jonathan Tah,Defender,Germany,373,0,0.018,0,0.39,4
Stjepan Radeljić,Defender,Bosnia & Herzegovina,180,0,0.018,0,0.3,4
Marcos Llorente,Defender,Spain,313,0,0.018,1,0.6090000000000001,12
Ehsan Haddad,Midfielder,Jordan,261,0,0.017,1,0.269,3
Ricardo Rodríguez,Defender,Switzerland,1245,0,0.016,1,1.555,14
Benjamin Tahirović,Midfielder,Bosnia & Herzegovina,237,0,0.016,0,0.043,4
Ime Okon,Defender,South Africa,360,0,0.014,0,0.015,4
Francisco Calvo,Defender,Costa Rica,285,0,0.011,0,0.007,5
Konrad Laimer,Defender,Austria,360,0,0.011,1,0.176,4
Joel Campbell,Midfielder,Costa Rica,382,0,0.011,1,0.091,6
Alidu Seidu,Defender,Ghana,233,0,0.011,0,0.028,7
Josué Casimir,Midfielder,Haiti,181,0,0.011,0,0.067,3
Pedro Neto,Midfielder,Portugal,352,0,0.01,1,0.552,5
Éric Davis,Defender,Panama,189,0,0.01,0,0.02,6
Xaver Schlager,Midfielder,Austria,239,0,0.009,1,0.057,4
Omar Alderete,Defender,Paraguay,322,0,0.006,0,0.036000000000000004,5
Homam Al-Amin,Defender,Qatar,386,0,0.004,0,0.075,5
Emil Hallfreðsson,Midfielder,Iceland,180,0,0,0,0,3
Jesse Lingard,Forward,England,527,1,0,1,0,7
Mohammed Al-Owais,Goalkeeper,Saudi Arabia,630,0,0,0,0.004,9
Branislav Ivanović,Defender,Serbia,180,0,0,0,0,3
Abdallah El-Said,Midfielder,Egypt,225,0,0,1,0,3
Yussuf Poulsen,Forward,Denmark,269,1,0,0,0,6
Aron Gunnarsson,Midfielder,Iceland,253,0,0,0,0,3
Odilon Kossounou,Defender,Côte d'Ivoire,280,0,0,0,0.013000000000000001,4
Rahman Baba,Defender,Ghana,194,0,0,0,0.08099999999999999,7
Vahid Amiri,Defender,Iran,266,0,0,0,0,6
Hugo Ayala,Defender,Mexico,187,0,0,0,0,4
Hugo Lloris,Goalkeeper,France,1110,0,0,0,0.017,14
Lionel Mpasi Nzau,Goalkeeper,DR Congo,360,0,0,0,0.003,4
Amine Ben Hmida,Defender,Tunisia,210,0,0,0,0.031,3
Gideon Mensah,Defender,Ghana,448,0,0,0,0.186,7
Gregor Kobel,Goalkeeper,Switzerland,697,0,0,0,0.004,10
Alexander Schlager,Goalkeeper,Austria,360,0,0,0,0.001,4
Fernando Muslera,Goalkeeper,Uruguay,675,0,0,0,0.001,11
Deveron Fonville,Defender,Curaçao,243,0,0,0,0.044,3
Isak Hien,Defender,Sweden,224,0,0,0,0.08800000000000001,3
Raúl Rangel,Goalkeeper,Mexico,458,0,0,0,0.008,5
Munir El Kajoui,Goalkeeper,Morocco,360,0,0,0,0.001,16
Samuel Umtiti,Defender,France,540,1,0,0,0,7
Eric Dier,Defender,England,287,0,0,0,0.004,12
Victor Moses,Midfielder,Nigeria,270,1,0,1,0,3
Jacob Widell Zetterström,Goalkeeper,Sweden,180,0,0,0,0.011000000000000001,4
Yong Lee,Defender,South Korea,270,0,0,0,0,3
Willy Caballero,Goalkeeper,Argentina,180,0,0,0,0,4
Dominik Livaković,Goalkeeper,Croatia,1050,0,0,0,0.009000000000000001,18
Jerome Opoku,Defender,Ghana,270,0,0,0,0.048,4
Sergio Rochet,Goalkeeper,Uruguay,315,0,0,0,0.022,6
Andrés Guardado,Midfielder,Mexico,356,0,0,0,0.005,7
Zanka,Defender,Denmark,219,1,0,0,0,4
Robin Olsen,Goalkeeper,Sweden,450,0,0,0,0,5
Ivan Strinić,Defender,Croatia,511,0,0,0,0,7
Camilo Vargas,Goalkeeper,Colombia,480,0,0,0,0.009000000000000001,9
Jarell Quansah,Defender,England,200,0,0,0,0.018000000000000002,6
David De Gea,Goalkeeper,Spain,390,0,0,0,0,4
Yuriy Gazinskiy,Midfielder,Russia,266,1,0,0,0,5
Bryan Ruiz,Midfielder,Costa Rica,299,0,0,0,0,6
Kwasi Sibo,Midfielder,Ghana,249,0,0,0,0.034,4
Vozinha,Goalkeeper,Cabo Verde,390,0,0,0,0.004,4
Julian Ryerson,Midfielder,Norway,226,0,0,0,1.001,6
Sander Berge,Midfielder,Norway,480,0,0,0,0.14400000000000002,6
Kim Seung-gyu,Goalkeeper,South Korea,644,0,0,0,0.008,10
Santiago Arias,Defender,Colombia,473,0,0,0,0.424,9
Meshaal Barsham,Goalkeeper,Qatar,180,0,0,0,0,6
Sergey Ignashevich,Defender,Russia,510,0,0,0,0,5
Benjamin Asare,Goalkeeper,Ghana,225,0,0,0,0.008,4
Mahmud Abunada,Goalkeeper,Qatar,270,0,0,0,0,3
Thomas Delaney,Midfielder,Denmark,412,0,0,1,0.005,5
Ilya Kutepov,Defender,Russia,510,0,0,1,0,5
Benjamin Pavard,Defender,France,629,1,0,0,0.019,14
Aleksandr Samedov,Midfielder,Russia,359,0,0,0,0,5
Marcus Berg,Forward,Sweden,426,0,0,0,0,5
Mark Milligan,Defender,Australia,270,0,0,0,0,3
Yassine Bounou,Goalkeeper,Morocco,1140,0,0,0,0.005,15
Zidane Iqbal,Midfielder,Iraq,188,0,0,0,0.043,3
Ahmed Fathi,Defender,Egypt,270,0,0,0,0,3
Maxence Lacroix,Defender,France,240,0,0,0,0.022,8
Denis Cheryshev,Midfielder,Russia,304,4,0,0,0,5
Josip Pivarić,Defender,Croatia,200,0,0,0,0,7
Fedor Kudryashov,Defender,Russia,334,0,0,0,0,5
Edouard Mendy,Goalkeeper,Senegal,513,0,0,0,0.01,6
Devis Epassy,Goalkeeper,Cameroon,180,0,0,0,0.006,3
Timo Werner,Forward,Germany,266,0,0,0,0,3
Aníbal Godoy,Midfielder,Panama,255,0,0,0,0.004,6
Orlando Mosquera,Goalkeeper,Panama,270,0,0,0,0.209,3
José Córdoba,Defender,Panama,270,0,0,0,0.16,3
Nouhou Tolo,Defender,Cameroon,270,0,0,0,0.038,3
Thibaut Courtois,Goalkeeper,Belgium,1462,0,0,0,0.02,16
Nemanja Matić,Midfielder,Serbia,270,0,0,0,0,3
Yazan Al-Arab,Defender,Jordan,270,0,0,0,0.006,3
Matthew Freese,Goalkeeper,USA,365,0,0,0,0,5
Bart Verbruggen,Goalkeeper,Netherlands,390,0,0,0,0.005,4
Connor Roberts,Defender,Wales,201,0,0,0,0.18199999999999997,3
Alireza Beiranvand,Goalkeeper,Iran,650,0,0,0,0.007,8
Abdullah Otayf,Midfielder,Saudi Arabia,244,0,0,1,0,6
Trent Sainsbury,Defender,Australia,270,0,0,0,0,3
Toby Alderweireld,Defender,Belgium,816,0,0,2,0.424,10
Medhi Benatia,Defender,Morocco,180,0,0,0,0,3
Angus Gunn,Goalkeeper,Scotland,270,0,0,0,0.005,3
Martín Cáceres,Defender,Uruguay,540,0,0,0,0.016,8
Majid Hosseini,Defender,Iran,460,0,0,0,0.013000000000000001,6
Paul Pogba,Midfielder,France,539,1,0,0,0,7
Gen Shoji,Defender,Japan,270,0,0,0,0,4
Franco Armani,Goalkeeper,Argentina,180,0,0,0,0,11
Andries Noppert,Goalkeeper,Netherlands,480,0,0,0,0.003,5
Paolo Guerrero,Forward,Peru,208,1,0,1,0,3
Hyeon-woo Jo,Goalkeeper,South Korea,270,0,0,0,0,10
Matt Turner,Goalkeeper,USA,450,0,0,0,0.003,9
Yann Sommer,Goalkeeper,Switzerland,630,0,0,0,0,7
Henrik Dalsgaard,Defender,Denmark,390,0,0,0,0,4
Kári Árnason,Defender,Iceland,180,0,0,0,0,3
Eiji Kawashima,Goalkeeper,Japan,360,0,0,0,0,8
Arthur Masuaku,Defender,DR Congo,318,0,0,1,0.5720000000000001,4
Ali Gabr,Defender,Egypt,270,0,0,0,0,3
David Møller Wolfe,Defender,Norway,431,0,0,1,0.641,6
Uğurcan Çakır,Goalkeeper,Türkiye,277,0,0,0,0.005,3
Johan Venegas,Forward,Costa Rica,224,0,0,0,0.003,6
Kim Moon-hwan,Defender,South Korea,431,0,0,0,0.313,7
Lawrence Ati Zigi,Goalkeeper,Ghana,405,0,0,0,0.01,7
Unai Simón,Goalkeeper,Spain,1140,0,0,0,0.005,12
Andreas Granqvist,Defender,Sweden,450,2,0,0,0,5
Mike Maignan,Goalkeeper,France,731,0,0,0,0.005,8
Artem Dzyuba,Forward,Russia,333,3,0,2,0,5
Kamil Grosicki,Midfielder,Poland,226,0,0,1,0.106,7
Gonçalo Guedes,Midfielder,Portugal,245,0,0,1,0,9
Robin Hranáč,Defender,Czechia,277,0,0,0,0.007,3
Alisson,Goalkeeper,Brazil,1293,0,0,0,0.012,15
Rui Patrício,Goalkeeper,Portugal,360,0,0,0,0,9
Grant Hanley,Defender,Scotland,180,0,0,0,0.040999999999999995,3
Blaise Matuidi,Midfielder,France,336,0,0,0,0,6
Abdulla Abdullaev,Midfielder,Uzbekistan,180,0,0,0,0.009000000000000001,3
Marcelo,Defender,Brazil,286,0,0,0,0,5
Róman Torres,Defender,Panama,236,0,0,0,0,3
Nahitan Nández,Midfielder,Uruguay,293,0,0,0,0,5
Éver Banega,Midfielder,Argentina,216,0,0,2,0,4
Hannes Delcroix,Defender,Haiti,270,0,0,0,0.02,3
Ludwig Augustinsson,Defender,Sweden,450,1,0,0,0,5
Aleksandr Golovin,Midfielder,Russia,402,1,0,2,0,5
Gylfi Sigurðsson,Midfielder,Iceland,270,1,0,0,0,3
Armando Cooper,Midfielder,Panama,180,0,0,0,0,2
Vladimir Stojković,Goalkeeper,Serbia,270,0,0,0,0,3
Fabian Delph,Midfielder,England,220,0,0,0,0,6
Diego Laxalt,Midfielder,Uruguay,301,0,0,0,0,5
Corentin Tolisso,Midfielder,France,201,0,0,1,0,7
Marcos Rojo,Defender,Argentina,225,1,0,0,0,4
Enzo Pérez,Midfielder,Argentina,195,0,0,0,0,4
Khuliso Mudau,Defender,South Africa,360,0,0,0,0.34,4
Danley Jean Jacques,Midfielder,Haiti,260,0,0,0,0.040999999999999995,3
Ola Toivonen,Forward,Sweden,400,1,0,1,0,5
Pione Sisto,Forward,Denmark,232,0,0,0,0,4
Paul Okon-Engstler,Midfielder,Australia,204,0,0,1,0.07200000000000001,4
Osama Hawsawi,Defender,Saudi Arabia,270,0,0,0,0,3
Ivan Rakitić,Midfielder,Croatia,638,1,0,0,0,7
Yahia Fofana,Goalkeeper,Côte d'Ivoire,360,0,0,0,0.002,4
Hamdy Fathy,Midfielder,Egypt,241,0,0,0,0.018,4
Marwan Mohsen,Forward,Egypt,209,0,0,0,0,3
Dedryck Boyata,Defender,Belgium,270,0,0,0,0,7
Diego Costa,Forward,Spain,320,3,0,0,0,4
Miguel Trauco,Defender,Peru,270,0,0,0,0,3
Gerard Piqué,Defender,Spain,390,0,0,0,0,4
Lucas Herrington,Defender,Australia,210,0,0,0,0.12000000000000001,4
Milan Borjan,Goalkeeper,Canada,270,0,0,0,0.001,3
Moussa Wagué,Defender,Senegal,196,1,0,0,0,3
Patrick Beach,Goalkeeper,Australia,396,0,0,0,0.004,4
Ali Maâloul,Defender,Tunisia,270,0,0,0,0.121,6
Leon Balogun,Defender,Nigeria,270,0,0,0,0,3
Celso Borges,Midfielder,Costa Rica,521,0,0,0,0.025,6
Luis Advincula,Defender,Peru,270,0,0,0,0,3
Mathew Ryan,Goalkeeper,Australia,631,0,0,0,0.006,11
Kamal Miller,Defender,Canada,270,0,0,0,0.034,3
Mikael Lustig,Defender,Sweden,352,0,0,0,0,4
Abdukodir Khusanov,Defender,Uzbekistan,270,0,0,0,0.008,3
Mory Diaw,Goalkeeper,Senegal,237,0,0,0,0.004,4
Kye Rowles,Defender,Australia,360,0,0,0,0.01,4
Maxime Crépeau,Goalkeeper,Canada,450,0,0,0,0.005,5
Jaime Penedo,Goalkeeper,Panama,270,0,0,0,0,3
Tom Rogić,Midfielder,Australia,226,0,0,0,0,3
Nordin Amrabat,Midfielder,Morocco,256,0,0,0,0,3
Abduvokhid Nematov,Goalkeeper,Uzbekistan,180,0,0,0,0.002,3
Bryan Oviedo,Defender,Costa Rica,441,0,0,0,0.027999999999999997,6
Mohamed Elneny,Midfielder,Egypt,244,0,0,0,0,3
Gabriel Gómez,Midfielder,Panama,249,0,0,0,0,3
Cédric Soares,Midfielder,Portugal,270,0,0,0,0,4
Max Crocombe,Goalkeeper,New Zealand,281,0,0,0,0.011,3
Makoto Hasebe,Defender,Japan,278,0,0,0,0,4
Yerry Mina,Defender,Colombia,301,3,0,0,0,9
Erik Lira,Defender,Mexico,366,0,0,1,0.13799999999999998,5
Ørjan Nyland,Goalkeeper,Norway,480,0,0,0,0.017,6
Eloy Room,Goalkeeper,Curaçao,270,0,0,0,0.002,3
Axel Tuanzebe,Defender,DR Congo,360,0,0,0,0.01,4
Sung-Yueng Ki,Midfielder,South Korea,180,0,0,0,0,3
Yazeed Abu Laila,Goalkeeper,Jordan,270,0,0,0,0.003,3
Ahmed Hegazy,Defender,Egypt,270,0,0,0,0,3
Assim Madibo,Midfielder,Qatar,286,0,0,0,0.017,5
Chris Mepham,Defender,Wales,270,0,0,0,0.159,3
Guillermo Ochoa,Goalkeeper,Mexico,649,0,0,0,0.004,12
Isco,Midfielder,Spain,390,1,0,0,0,4
Hernán Galíndez,Goalkeeper,Ecuador,630,0,0,0,0.026,7
Javier Mascherano,Midfielder,Argentina,360,0,0,0,0,4
Jens Stryger Larsen,Defender,Denmark,270,0,0,0,0,7
Wojciech Szczęsny,Goalkeeper,Poland,540,0,0,0,0.015,7
Gaku Shibasaki,Midfielder,Japan,341,0,0,1,0,8
Dani Carvajal,Defender,Spain,365,0,0,1,0.040999999999999995,8
Diogo Costa,Goalkeeper,Portugal,900,0,0,0,0.008,10
Fidel Escobar,Defender,Panama,360,0,0,0,0.092,6
Joe Rodon,Defender,Wales,270,0,0,0,0.007,3
Gustavo Velázquez,Defender,Paraguay,255,0,0,0,0.016,5
Redouane Halhal,Defender,Morocco,180,0,0,0,0.004,6
Matěj Kovář,Goalkeeper,Czechia,277,0,0,0,0.004,3
Roman Zobnin,Midfielder,Russia,510,0,0,1,0,5
Phil Jones,Defender,England,180,0,0,0,0,7
João Moutinho,Midfielder,Portugal,185,0,0,1,0,4
Sergio Ramos,Defender,Spain,390,0,0,0,0,4
Christian Ramos,Defender,Peru,270,0,0,0,0,3
Sead Kolašinac,Defender,Bosnia & Herzegovina,339,0,0,1,0.5469999999999999,4
Marouane Fellaini,Forward,Belgium,322,1,0,0,0,7
Bartosz Bereszynski,Defender,Poland,511,0,0,0,0.07,7
Robbie Kruse,Midfielder,Australia,210,0,0,0,0,3
Maxi Meza,Midfielder,Argentina,207,0,0,0,0,4
Kasper Schmeichel,Goalkeeper,Denmark,660,0,0,0,0.017,7
Yaya Sithole,Midfielder,South Africa,229,0,0,0,0.028,3
Jhegson Méndez,Midfielder,Ecuador,180,0,0,0,0.124,2
Mohamed Abdel Shafi,Defender,Egypt,270,0,0,0,0,3
Jan Bednarek,Defender,Poland,238,1,0,0,0.001,7
Alan Franco,Midfielder,Ecuador,300,0,0,0,0.034,7
Aymen Dahmen,Goalkeeper,Tunisia,450,0,0,0,0.005,6
N'Golo Kanté,Midfielder,France,595,0,0,0,0,15
Shinji Kagawa,Midfielder,Japan,232,1,0,1,0,4
Danijel Subašić,Goalkeeper,Croatia,630,0,0,0,0,7
Emil Forsberg,Midfielder,Sweden,417,1,0,0,0,5
Matheus Uribe,Midfielder,Colombia,182,0,0,0,0,4
Johny Placide,Goalkeeper,Haiti,270,0,0,0,0.006,3
Simon Kjær,Defender,Denmark,455,0,0,0,0.021,7
Karim El Ahmadi,Midfielder,Morocco,266,0,0,0,0,3
David Silva,Midfielder,Spain,327,0,0,0,0,4
Vincent Kompany,Defender,Belgium,382,0,0,0,0,6
Miloš Veljković,Defender,Serbia,313,0,0,0,0.007,6
Lucas Hernández,Defender,France,603,0,0,2,0,16
Willian,Midfielder,Brazil,361,0,0,1,0,5
Radamel Falcao,Forward,Colombia,377,1,0,0,0,4
Takashi Inui,Midfielder,Japan,292,2,0,1,0,4
Manuel Da Costa,Defender,Morocco,188,0,0,0,0,3
Shuichi Gonda,Goalkeeper,Japan,390,0,0,0,0.002,4
Facundo Medina,Defender,Argentina,309,0,0,1,0.155,8
William Troost-Ekong,Defender,Nigeria,270,0,0,0,0,3
Ashley Young,Defender,England,462,0,0,1,0,7
Mesut Özil,Midfielder,Germany,180,0,0,0,0,3
Antonee Robinson,Defender,USA,711,0,0,0,0.506,9
Jack Hendry,Defender,Scotland,270,0,0,0,0.031,3
Koke,Midfielder,Spain,279,0,0,0,0.022,8
Zion Suzuki,Goalkeeper,Japan,360,0,0,0,0.013000000000000001,4
David Guzmán,Midfielder,Costa Rica,245,0,0,0,0,3
Daler Kuzyaev,Midfielder,Russia,304,0,0,0,0,5
Rustam Ashurmatov,Defender,Uzbekistan,257,0,0,0,0.01,3
Gabriel Mercado,Defender,Argentina,270,1,0,1,0,4
Kristoffer Nordfeldt,Goalkeeper,Sweden,187,0,0,0,0.002,9
Gi-Hyuk Lee,Defender,South Korea,284,0,0,0,0.056,3
Maciej Rybus,Defender,Poland,180,0,0,0,0,3
Oghenekaro Etebo,Midfielder,Nigeria,269,0,0,0,0,3
Yury Zhirkov,Defender,Russia,221,0,0,0,0,5
Gabriel Gudmundsson,Defender,Sweden,332,0,0,0,0.10500000000000001,4
Duško Tošić,Defender,Serbia,180,0,0,0,0,3
Abdallah Nasib,Defender,Jordan,261,0,0,0,0.011,3
Carlos Vela,Forward,Mexico,322,1,0,0,0,4
Maya Yoshida,Defender,Japan,750,0,0,1,0.026999999999999996,8
Steve Mandanda,Goalkeeper,France,180,0,0,0,0,14
Cheikhou Kouyaté,Midfielder,Senegal,191,0,0,0,0.024,4
Mats Hummels,Defender,Germany,180,0,0,0,0,3
Yuya Osako,Forward,Japan,308,1,0,0,0,4
Birkir Bjarnason,Midfielder,Iceland,269,0,0,0,0,3
Marco Reus,Midfielder,Germany,210,1,0,1,0,3
Anice Badri,Forward,Tunisia,225,0,0,0,0,3
Valon Behrami,Midfielder,Switzerland,311,0,0,0,0,4
Ante Rebić,Forward,Croatia,547,1,0,0,0,7
Keylor Navas,Goalkeeper,Costa Rica,540,0,0,0,0.003,6
Óscar Duarte,Defender,Costa Rica,450,0,0,0,0.009000000000000001,6
Yuto Nagatomo,Defender,Japan,586,0,0,1,0.062,12
Nacer Chadli,Midfielder,Belgium,327,1,0,1,0,7
Kyle Walker,Defender,England,732,0,0,0,0.076,12
Omid Ebrahimi,Midfielder,Iran,260,0,0,0,0,3
Hörður Magnússon,Defender,Iceland,270,0,0,0,0,3
Hassan Tambakti,Defender,Saudi Arabia,393,0,0,0,0.017,6
Miloš Degenek,Defender,Australia,190,0,0,0,0.012,11
Paulinho,Midfielder,Brazil,354,1,0,0,0,5
Hector Herrera,Midfielder,Mexico,528,0,0,0,0.162,7
Danny Rose,Defender,England,203,0,0,0,0,7
Giancarlo González,Defender,Costa Rica,270,0,0,0,0,3
Jordan Pickford,Goalkeeper,England,1813,0,0,0,0.074,20
Mário Fernandes,Defender,Russia,472,1,0,1,0,5
Younès Belhanda,Midfielder,Morocco,228,0,0,0,0,3
Ragnar Sigurðsson,Defender,Iceland,226,0,0,0,0,3
Fakhreddine Ben Youssef,Forward,Tunisia,270,1,0,0,0,3
Sebastian Larsson,Midfielder,Sweden,318,0,0,0,0,4
Juan Cuadrado,Midfielder,Colombia,331,1,0,1,0,4
David Ospina,Goalkeeper,Colombia,390,0,0,0,0,9
Alfreð Finnbogason,Forward,Iceland,264,1,0,0,0,3
Carlos Salcedo,Defender,Mexico,367,0,0,0,0,4
Miranda,Defender,Brazil,463,0,0,0,0,5
Tarek Hamed,Midfielder,Egypt,230,0,0,0,0,3
Dele Alli,Midfielder,England,368,1,0,0,0,7
Mario Mandžukić,Forward,Croatia,608,3,0,1,0,7
Wilmar Barrios,Midfielder,Colombia,269,0,0,0,0,4
Fedor Smolov,Forward,Russia,219,0,0,0,0,5
Mohamed El-Shenawy,Goalkeeper,Egypt,180,0,0,0,0,8
Domagoj Vida,Defender,Croatia,630,1,0,1,0,13
José Fonte,Defender,Portugal,360,0,0,0,0,4
Philippe Coutinho,Midfielder,Brazil,442,2,0,2,0,5
Ruben Loftus-Cheek,Midfielder,England,274,0,0,1,0,7
Viktor Claesson,Midfielder,Sweden,434,0,0,2,0,5
Genki Haraguchi,Midfielder,Japan,246,1,0,0,0,4
Andrés Iniesta,Midfielder,Spain,284,0,0,1,0,4
Steven Zuber,Midfielder,Switzerland,252,1,0,0,0,3
Lasse Schöne,Midfielder,Denmark,219,0,0,0,0,4
Jang Hyun-soo,Defender,South Korea,270,0,0,0,0,3
Ahmed Musa,Forward,Nigeria,207,2,0,0,0,3
Yasser Al-Shahrani,Defender,Saudi Arabia,359,0,0,0,0.004,4
Andrés Andrade,Defender,Panama,270,0,0,0,0.374,3
Nicolai Jørgensen,Forward,Denmark,212,0,0,1,0,4
Stephan Lichtsteiner,Defender,Switzerland,267,0,0,0,0,3
Fagner,Defender,Brazil,373,0,0,0,0,5
Aïssa Mandi,Defender,Algeria,367,0,0,0,0.067,4
Moteb Al-Harbi,Defender,Saudi Arabia,187,0,0,0,0.023,3
Josh Risdon,Defender,Australia,270,0,0,0,0,3
Damián Bobadilla,Midfielder,Paraguay,190,0,0,0,0.026000000000000002,5
Lucas Torreira,Midfielder,Uruguay,304,0,0,0,0,8
Andy Robertson,Defender,Scotland,225,0,0,0,0.302,3
Luca Zidane,Goalkeeper,Algeria,277,0,0,0,0,4
Cristian Gamboa,Defender,Costa Rica,254,0,0,0,0,3
Yoshimar Yotún,Midfielder,Peru,180,0,0,0,0,3
Christian Cueva,Midfielder,Peru,262,0,0,0,0,3
Yan Valery,Defender,Tunisia,252,0,0,0,0.147,3
Orlando Gill,Goalkeeper,Paraguay,491,0,0,0,0.011,5
Miguel Layún,Defender,Mexico,321,0,0,0,0,4
Albin Ekdal,Midfielder,Sweden,421,0,0,0,0,5
Bryan Idowu,Defender,Nigeria,225,0,0,0,0,3
Nabil Dirar,Defender,Morocco,180,0,0,0,0,3
Ali Albulayhi,Defender,Saudi Arabia,307,0,0,0,0.006,5
Jurriën Timber,Defender,Netherlands,390,0,0,0,0.060000000000000005,5
Toni Kroos,Midfielder,Germany,270,1,0,0,0,3
Nathan Patterson,Defender,Scotland,186,0,0,0,0.069,3
Ronwen Williams,Goalkeeper,South Africa,360,0,0,0,0.503,4
Andre Carrillo,Midfielder,Peru,259,1,0,0,0,3
Šime Vrsaljko,Defender,Croatia,607,0,0,1,0,7
Igor Akinfeev,Goalkeeper,Russia,510,0,0,0,0,5
Khadim N'Diaye,Goalkeeper,Senegal,270,0,0,0,0,3
Amir Al-Ammari,Midfielder,Iraq,248,0,0,1,0.328,3
Armando Obispo,Defender,Curaçao,270,0,0,0,0.008,3
Javier Hernández,Forward,Mexico,330,1,0,1,0,4
John Obi Mikel,Midfielder,Nigeria,268,0,0,0,0,3
Jacek Goralski,Midfielder,Poland,180,0,0,0,0,3
Vanja Milinković-Savić,Goalkeeper,Serbia,270,0,0,0,0.01,3
Aleksandar Kolarov,Defender,Serbia,270,1,0,0,0,3
Steven Vitória,Defender,Canada,270,0,0,0,0.025,3
Emiliano Martínez,Goalkeeper,Argentina,1500,0,0,0,0.025,15
Mostafa Shobeir,Goalkeeper,Egypt,491,0,0,0,0.011000000000000001,5
Birkir Már Sævarsson,Defender,Iceland,270,0,0,0,0,3
Hannes Þór Halldórsson,Goalkeeper,Iceland,270,0,0,0,0,3
Aaron Wan-Bissaka,Defender,DR Congo,355,0,0,0,0.194,4
Blerim Džemaili,Midfielder,Switzerland,326,1,0,0,0,4
Wilfred Ndidi,Midfielder,Nigeria,270,0,0,0,0,3
Edison Flores,Forward,Peru,242,0,0,0,0,3
Jhonny Acosta,Defender,Costa Rica,270,0,0,0,0,3
Nikola Vasilj,Goalkeeper,Bosnia & Herzegovina,360,0,0,0,0.003,4
Pedro Gallese,Goalkeeper,Peru,270,0,0,0,0,3
Thorgan Hazard,Midfielder,Belgium,203,0,0,0,0.7569999999999999,10
Noah Sadiki,Midfielder,DR Congo,258,0,0,0,0.30000000000000004,4
Rasmus Kristensen,Defender,Denmark,224,0,0,0,0.07300000000000001,3
M'Baye Niang,Forward,Senegal,247,1,0,1,0,3
João Mário,Midfielder,Portugal,356,0,0,0,0.028999999999999998,9
Mbark Boussoufa,Midfielder,Morocco,270,0,0,0,0,3
Fahad Al-Muwallad,Midfielder,Saudi Arabia,183,0,0,0,0,3
Salif Sané,Defender,Senegal,270,0,0,0,0,3
Marten de Roon,Midfielder,Netherlands,195,0,0,0,0.030000000000000002,9
Mile Jedinak,Defender,Australia,270,2,0,0,0,3
Francis Uzoho,Goalkeeper,Nigeria,270,0,0,0,0,3
