ee_sandbox_ee_fifa_parsed_players_parsed_name,position_group,ee_sandbox_ee_fifa_parsed_teams_parsed_name,avg_rating,duel_win,dribble_success,tackle_success,passes_per_90,minutes_played,matches_played
Kylian Mbappé,Forward,France,7.75,0.454545,0.510949,1,28.711957,1840,22
Ousmane Dembélé,Forward,France,7.273684210526315,0.490385,0.459459,0.55,39.402985,1206,22
Jordan Henderson,Midfielder,England,6.88,0.507692,,0.538462,52.989556,766,20
Harry Kane,Forward,England,7.449999999999999,0.515625,0.411765,0.833333,19.0374,1631,20
Marcus Rashford,Forward,England,6.892857142857143,0.402439,0.527778,0.75,37.5,588,20
John Stones,Defender,England,7.13125,0.648352,1,0.733333,70.660112,1424,20
Jordan Pickford,Goalkeeper,England,6.7368421052631575,,,,29.88417,1813,20
Nicolás Otamendi,Defender,Argentina,6.911764705882353,0.615385,,0.583333,73.781903,1293,19
Nicolás Tagliafico,Defender,Argentina,6.576470588235294,0.591304,0.571429,0.736842,40.567613,1198,19
Lionel Messi,Forward,Argentina,8.378947368421052,0.521429,0.663158,0.809524,45.301676,1790,19
Luka Modrić,Midfielder,Croatia,7.294444444444445,0.521505,0.6875,0.545455,67.297783,1669,18
Ivan Perišić,Midfielder,Croatia,7.055555555555555,0.438596,0.44,0.608696,29.296029,1662,18
Mateo Kovačić,Midfielder,Croatia,6.96875,0.592593,0.642857,0.742857,64.532967,1092,18
Andrej Kramarić,Forward,Croatia,6.747058823529412,0.385965,0.5,0.833333,33.061224,882,18
Dominik Livaković,Goalkeeper,Croatia,7.127272727272728,0.666667,,,24.771429,1050,18
Achraf Hakimi,Defender,Morocco,6.85625,0.512438,0.411765,0.73913,48.818737,1473,16
Youri Tielemans,Midfielder,Belgium,7.108333333333333,0.597403,0.666667,0.6875,51.206897,754,16
Kevin De Bruyne,Midfielder,Belgium,7.385714285714286,0.471698,0.6,0.571429,47.281796,1203,16
Lucas Hernández,Defender,France,6.6375,0.583333,0.5,0.470588,31.940299,603,16
Sofyan Amrabat,Midfielder,Morocco,6.718181818181819,0.454545,,0.578947,46.703297,819,16
Thibaut Courtois,Goalkeeper,Belgium,7.20625,,1,,28.255814,1462,16
Munir El Kajoui,Goalkeeper,Morocco,6.675,0.5,,,23.5,360,16
Axel Witsel,Midfielder,Belgium,6.859999999999999,0.535714,1,0.5,54.148061,851,16
Thiago Almada,Midfielder,Argentina,6.816666666666666,0.6,0.8,0.8,63.632813,256,15
Enzo Fernández,Midfielder,Argentina,7.071428571428571,0.507576,0.588235,0.6875,71.941272,1226,15
Emiliano Martínez,Goalkeeper,Argentina,6.906666666666666,,,,23.88,1500,15
Ibrahima Konaté,Defender,France,6.971428571428571,0.764706,,0.4,67.943662,355,15
Lisandro Martínez,Defender,Argentina,7.108333333333333,0.650794,0.833333,0.5,59.61165,927,15
Leandro Paredes,Midfielder,Argentina,7.141666666666667,0.603175,0.5,0.5,104.46198,697,15
Theo Hernández,Defender,France,6.9,0.597561,0.5,0.777778,49.777195,763,15
Alisson,Goalkeeper,Brazil,6.935714285714286,,1,,18.584687,1293,15
Julián Alvarez,Forward,Argentina,6.78,0.252747,0.375,0.666667,27.38764,1068,15
Cristian Romero,Defender,Argentina,6.971428571428571,0.56383,1,0.65,62.433132,1159,15
Nahuel Molina,Defender,Argentina,6.55,0.45614,0.5,0.304348,44.140127,1099,15
Aurélien Tchouaméni,Midfielder,France,7.172727272727273,0.698795,0.666667,0.62069,67.293998,983,15
N'Golo Kanté,Midfielder,France,6.885714285714286,0.459016,0.666667,0.733333,54.605042,595,15
Rodrigo De Paul,Midfielder,Argentina,6.892857142857143,0.525,0.333333,0.588235,70.47402,1097,15
Thomas Meunier,Defender,Belgium,7.045454545454546,0.390805,0.666667,0.866667,46.204889,859,15
Alexis Mac Allister,Midfielder,Argentina,6.892857142857143,0.496503,0.666667,0.533333,47.553681,1304,15
Jules Koundé,Defender,France,6.8428571428571425,0.590909,0.666667,0.64,47.680505,1108,15
Lautaro Martínez,Forward,Argentina,6.576923076923077,0.333333,0.181818,0.333333,21.967213,549,15
Marquinhos,Defender,Brazil,7.18,0.702703,1,0.6,77.142857,882,15
Dayot Upamecano,Defender,France,7.153846153846154,0.556701,0.666667,0.678571,61.953125,1152,15
Romelu Lukaku,Forward,Belgium,6.757142857142857,0.3875,0.571429,1,17.859922,771,15
William Saliba,Defender,France,6.885714285714285,0.5,1,,62.895753,518,15
Yassine Bounou,Goalkeeper,Morocco,6.941666666666666,0.888889,,,30,1140,15
Dejan Lovren,Defender,Croatia,6.992307692307692,0.728155,,0.583333,60.791367,1251,14
Rúben Dias,Defender,Portugal,6.9625,0.589286,0.666667,0.777778,66.875,720,14
Adrien Rabiot,Midfielder,France,6.992307692307692,0.486957,0.5,0.761905,52.882298,1079,14
Bruno Fernandes,Midfielder,Portugal,7.572727272727272,0.512195,0.5,0.692308,52.569124,868,14
Antoine Griezmann,Forward,France,7.564285714285715,0.528,0.571429,0.666667,42.113821,1107,14
Raphaël Varane,Defender,France,6.953846153846154,0.622951,1,0.5,48.245004,1151,14
Steve Mandanda,Goalkeeper,France,7.05,,,,23.5,180,14
Casemiro,Midfielder,Brazil,7.415384615384616,0.572464,0.727273,0.452381,60.216998,1106,14
Bernardo Silva,Midfielder,Portugal,6.630769230769231,0.473684,0.666667,0.727273,61.030043,699,14
Gonzalo Montiel,Defender,Argentina,6.58,0.37931,,0.833333,43.973941,307,14
Hugo Lloris,Goalkeeper,France,6.825,,,,25.297297,1110,14
Remo Freuler,Midfielder,Switzerland,6.779999999999999,0.424658,0.2,0.555556,47.286486,925,14
Manuel Akanji,Defender,Switzerland,7.007142857142857,0.637255,1,0.826087,71.416729,1327,14
Granit Xhaka,Midfielder,Switzerland,7.207142857142857,0.530973,0.5,0.764706,71.620196,1327,14
Ricardo Rodríguez,Defender,Switzerland,6.978571428571429,0.607477,0.7,0.5,43.879518,1245,14
Denis Zakaria,Midfielder,Switzerland,6.5375,0.433962,0.444444,0.636364,39.978541,466,14
Marcelo Brozovic,Midfielder,Croatia,6.916666666666667,0.481203,0.375,0.708333,81.017787,1012,14
Breel Embolo,Forward,Switzerland,6.728571428571429,0.431818,0.555556,0.25,16.118012,966,14
Olivier Giroud,Forward,France,6.984615384615385,0.484615,0.6,0.3,18.854489,969,14
Cristiano Ronaldo,Forward,Portugal,7.0928571428571425,0.553191,0.466667,0.5,24.972527,1092,14
Benjamin Pavard,Defender,France,6.871428571428572,0.509804,0.2,0.833333,50.079491,629,14
Jude Bellingham,Midfielder,England,7.623076923076923,0.542484,0.631579,0.833333,42.241379,1044,13
Bukayo Saka,Forward,England,7.418181818181818,0.541176,0.428571,0.55,27.553846,650,13
Declan Rice,Midfielder,England,7.175,0.557692,0.444444,0.470588,58.968655,989,13
Bilal El Khannouss,Midfielder,Morocco,6.857142857142857,0.535714,0.466667,0.5,43.965517,522,13
Domagoj Vida,Defender,Croatia,7.033333333333334,0.511628,1,0.6,44.714286,630,13
Nico Elvedi,Defender,Switzerland,7.0625,0.595238,0.5,0.333333,67.128335,787,13
Azzedine Ounahi,Midfielder,Morocco,7.061538461538461,0.578947,0.628571,0.75,51.032771,1007,13
Raúl Jiménez,Forward,Mexico,6.866666666666666,0.490196,,1,24,450,12
Nico Williams,Midfielder,Spain,6.58,0.394737,0.3,0.6,35.526316,266,12
Kyle Walker,Defender,England,6.95,0.656716,0.875,0.571429,66.02459,732,12
Aymeric Laporte,Defender,Spain,7.354545454545455,0.546875,,0.428571,95.953307,1028,12
Harry Maguire,Defender,England,7.241666666666667,0.68,0.7,0.5,70.493023,1075,12
Gavi,Midfielder,Spain,6.8500000000000005,0.571429,0.8,0.545455,44.634146,369,12
Ferran Torres,Forward,Spain,6.558333333333334,0.290323,0.210526,,29.223108,502,12
Edson Álvarez,Midfielder,Mexico,6.83,0.565217,0.888889,0.777778,53.589744,702,12
Yuto Nagatomo,Defender,Japan,6.644444444444444,0.520833,0.857143,0.75,37.474403,586,12
Dani Olmo,Midfielder,Spain,7.016666666666667,0.468085,0.419355,0.583333,43.592121,863,12
Unai Simón,Goalkeeper,Spain,6.8999999999999995,0.875,,,31.026316,1140,12
Pedri,Midfielder,Spain,7.191666666666666,0.513158,0.555556,0.625,94.731308,856,12
Kieran Trippier,Defender,England,7.599999999999999,0.6625,0.857143,0.47619,53.239437,781,12
Guillermo Ochoa,Goalkeeper,Mexico,7.2625,,,,28.012327,649,12
Rodri,Midfielder,Spain,7.733333333333333,0.673077,0.666667,0.677419,120.806452,1116,12
Jesús Gallardo,Defender,Mexico,6.816666666666666,0.569767,0.8,0.409091,34.332669,1004,12
Marcos Llorente,Defender,Spain,7.05,0.478261,1,0.857143,65.846645,313,12
Eric Dier,Defender,England,6.628571428571428,0.526316,1,0.666667,74.634146,287,12
Mathew Ryan,Goalkeeper,Australia,6.771428571428571,,,,35.515055,631,11
Noussair Mazraoui,Defender,Morocco,6.990909090909091,0.604938,0.5,0.62963,37.456038,853,11
Neymar,Forward,Brazil,7.340000000000001,0.451429,0.467742,0.5,48.053777,781,11
Miloš Degenek,Defender,Australia,6.775,0.740741,,0.666667,35.052632,190,11
Aziz Behich,Defender,Australia,6.56,0.5,0.478261,0.5,38.827667,853,11
Ismaïla Sarr,Forward,Senegal,7.109090909090909,0.564885,0.533333,0.714286,19.102041,980,11
Fernando Muslera,Goalkeeper,Uruguay,6.4125,0.666667,,,24.533333,675,11
Guillermo Varela,Defender,Uruguay,6.725,0.653061,0.333333,0.7,39.09375,640,11
Mario Pašalić,Midfielder,Croatia,6.645454545454545,0.428571,,0.666667,32.954545,396,11
Kalidou Koulibaly,Defender,Senegal,6.544444444444444,0.626866,,0.590909,45.340909,792,11
Joško Gvardiol,Defender,Croatia,6.881818181818182,0.52,0.333333,0.666667,63.485915,852,11
Nikola Vlašić,Midfielder,Croatia,6.533333333333333,0.403846,0.6,0.333333,20.786802,394,11
Rodrigo Bentancur,Midfielder,Uruguay,6.845454545454545,0.528,0.764706,0.791667,59.787986,849,11
Ángel Di María,Forward,Argentina,7.025,0.514706,0.615385,0.4,35.351044,527,11
Jackson Irvine,Midfielder,Australia,6.736363636363635,0.469697,0.571429,0.555556,38.83758,628,11
Franco Armani,Goalkeeper,Argentina,5.75,,,,26,180,11
Ante Budimir,Forward,Croatia,6.6,0.422222,1,1,8.61244,209,11
Raheem Sterling,Forward,England,6.699999999999999,0.328947,0.526316,1,28.162252,604,11
Josip Šutalo,Defender,Croatia,6.74,0.583333,0.5,0.8,67.2,450,11
Vinícius Júnior,Forward,Brazil,7.577777777777778,0.458333,0.4375,0.333333,26.648721,743,10
Thorgan Hazard,Midfielder,Belgium,7.15,0.535714,0.666667,0.571429,40.344828,203,10
Rúben Neves,Midfielder,Portugal,6.642857142857143,0.272727,,0.5,78.646154,325,10
Hyeon-woo Jo,Goalkeeper,South Korea,7.5,,,,25.666667,270,10
Bruno Guimarães,Midfielder,Brazil,6.914285714285714,0.529412,0.444444,0.545455,44.814815,486,10
Son Heung-min,Forward,South Korea,6.9,0.5,0.454545,0.5,25.393258,801,10
Diogo Costa,Goalkeeper,Portugal,7.029999999999999,0.714286,,,24,900,10
Gabriel Martinelli,Forward,Brazil,6.814285714285715,0.363636,0.444444,0.5,34.269231,260,10
Dries Mertens,Midfielder,Belgium,7.0375,0.55,0.75,0.25,34.986595,373,10
Fabian Rieder,Midfielder,Switzerland,6.528571428571429,0.425532,0.5,0.555556,26.596306,379,10
Marcos Acuña,Defender,Argentina,6.828571428571428,0.521739,0.375,0.6,38.599138,464,10
Idrissa Gana Gueye,Midfielder,Senegal,6.93,0.557377,0.333333,0.8,52.765487,904,10
Rafael Leão,Forward,Portugal,6.92,0.454545,0.615385,,43.73494,249,10
João Félix,Forward,Portugal,6.871428571428572,0.492754,0.388889,0.6,28.605948,538,10
Josip Stanišić,Defender,Croatia,6.76,0.666667,1,0.714286,33.8,450,10
Youssef En-Nesyri,Forward,Morocco,6.9375,0.614035,0.625,0.666667,13.380531,565,10
José María Giménez,Defender,Uruguay,7.228571428571429,0.5625,1,0.384615,49,630,10
Hakim Ziyech,Midfielder,Morocco,6.88,0.363636,0.378378,0.625,37.275748,903,10
Manuel Neuer,Goalkeeper,Germany,6.65,0.75,0.5,,29.419355,930,10
Kim Seung-gyu,Goalkeeper,South Korea,6.714285714285714,0.333333,,,31.164596,644,10
João Cancelo,Defender,Portugal,6.922222222222222,0.597015,0.5625,0.5,56.195827,623,10
Gregor Kobel,Goalkeeper,Switzerland,7.271428571428571,,,,31.893831,697,10
Rubén Vargas,Midfielder,Switzerland,7.01,0.438596,0.4,0.4,28.183391,578,10
Joshua Kimmich,Midfielder,Germany,7.57,0.590361,0.428571,0.5,80.022396,893,10
Antonio Rüdiger,Defender,Germany,6.8375,0.736842,,0.2,84.067524,622,10
Danilo,Defender,Brazil,6.733333333333333,0.58,0.75,0.357143,65.444015,777,10
Thiago Silva,Defender,Brazil,7.355555555555556,0.625,,0.625,67.315358,853,10
Jan Vertonghen,Defender,Belgium,6.9111111111111105,0.60274,0.5,0.7,65.183824,816,10
Yannick Carrasco,Forward,Belgium,6.666666666666667,0.510638,0.7,0.7,28.567416,356,10
Romain Saiss,Defender,Morocco,6.925,0.588235,0.5,0.5,40.277778,648,10
Michy Batshuayi,Forward,Belgium,6.7,0.344828,0.666667,,17.255639,266,10
Jae-sung Lee,Midfielder,South Korea,6.6875,0.417582,0.466667,0.6,39.701493,603,10
Diogo Dalot,Defender,Portugal,7.2,0.714286,0.5,0.8,42.074303,323,10
Leon Goretzka,Midfielder,Germany,6.714285714285714,0.538462,0.5,0.555556,29.263804,326,10
Djibril Sow,Midfielder,Switzerland,6.625,0.484848,,0.666667,32.179732,523,10
Eden Hazard,Forward,Belgium,7.611111111111111,0.674074,0.754098,1,44.724771,654,10
Leander Dendoncker,Midfielder,Belgium,7.033333333333334,0.458333,,0.5,68.214286,252,10
Vitinha,Midfielder,Portugal,7.1625,0.567568,0.666667,0.4,90.901804,499,10
Toby Alderweireld,Defender,Belgium,7.2555555555555555,0.548387,,0.818182,78.970588,816,10
Gonçalo Ramos,Forward,Portugal,7.233333333333333,0.478261,0.333333,1,19.507389,203,10
Hwang Hee-chan,Forward,South Korea,6.65,0.445946,0.464286,1,27.803204,437,10
Arthur Theate,Defender,Belgium,6.833333333333333,0.7,,,65.814978,227,9
Marten de Roon,Midfielder,Netherlands,6.68,0.52381,,0.714286,54.461538,195,9
Hans Vanaken,Midfielder,Belgium,6.8500000000000005,0.535714,0.666667,0.333333,45.683891,329,9
Saman Ghoddos,Midfielder,Iran,6.614285714285714,0.375,0.25,0.571429,26.210526,285,9
Rui Patrício,Goalkeeper,Portugal,6.6,,,,21.75,360,9
Giorgian de Arrascaeta,Midfielder,Uruguay,7.325,0.37931,0.5,0.5,40.824742,194,9
Ehsan Hajsafi,Defender,Iran,6.7125,0.702703,0.5,0.666667,24.440367,545,9
Santiago Arias,Defender,Colombia,6.94,0.511111,,0.7,42.43129,473,9
Lucas Paquetá,Midfielder,Brazil,7.075,0.52381,0.333333,0.666667,61.415608,551,9
Giovanni Reyna,Midfielder,USA,6.840000000000001,0.6,0.75,,56.42487,193,9
Tim Ream,Defender,USA,6.9125,0.564103,1,0.8,72.372414,725,9
Weston McKennie,Midfielder,USA,6.822222222222222,0.384615,0.636364,0.8,44.129834,724,9
David Ospina,Goalkeeper,Colombia,7.1,,,,22.384615,390,9
Jefferson Lerma,Midfielder,Colombia,6.699999999999999,0.490566,,0.666667,57.397959,588,9
Johan Mojica,Defender,Colombia,6.8625,0.528571,0.133333,0.818182,38.884615,780,9
Brenden Aaronson,Midfielder,USA,6.4799999999999995,0.361111,0.2,0.428571,33.626374,182,9
Milad Mohammadi,Defender,Iran,6.6875,0.603175,0.666667,0.541667,25.798687,457,9
Virgil van Dijk,Defender,Netherlands,7.222222222222222,0.611111,,0.666667,73.965517,870,9
Timothy Castagne,Defender,Belgium,6.922222222222222,0.551724,,0.52381,48.406375,753,9
Tyler Adams,Midfielder,USA,7.025,0.567568,0.75,0.7,63.846154,702,9
Davinson Sánchez,Defender,Colombia,7.122222222222222,0.5,1,0.5,58.862069,870,9
Ramin Rezaeian,Defender,Iran,7.262499999999999,0.567568,1,0.652174,28.125,720,9
Sergiño Dest,Defender,USA,6.655555555555555,0.409091,0.576923,0.6,40.329489,607,9
Gonçalo Guedes,Midfielder,Portugal,6.666666666666667,0.435897,0.5,0.4,22.77551,245,9
Yerry Mina,Defender,Colombia,7.866666666666667,0.625,1,0.75,48.139535,301,9
Silvan Widmer,Midfielder,Switzerland,6.675,0.522727,1,0.733333,40.449438,445,9
Cody Gakpo,Midfielder,Netherlands,7.5,0.43956,0.347826,0.272727,23.264563,824,9
Denzel Dumfries,Midfielder,Netherlands,6.855555555555555,0.40404,,0.785714,32.482759,870,9
Antonee Robinson,Defender,USA,6.95,0.553846,0.692308,0.5,48.35443,711,9
Salem Al-Dawsari,Midfielder,Saudi Arabia,6.7444444444444445,0.46087,0.552632,0.588235,40.419847,786,9
Matt Turner,Goalkeeper,USA,6.76,,,,26,450,9
Camilo Vargas,Goalkeeper,Colombia,6.88,,,,35.4375,480,9
Ellyes Skhiri,Midfielder,Tunisia,6.633333333333334,0.491803,0.5,0.473684,45.39823,791,9
Timothy Weah,Midfielder,USA,6.6499999999999995,0.192308,0.666667,,30,396,9
Raphael Guerreiro,Defender,Portugal,7.05,0.57377,0.769231,0.5,49.577465,639,9
Mohammed Al-Owais,Goalkeeper,Saudi Arabia,7.271428571428571,0.888889,,,27.857143,630,9
William Carvalho,Midfielder,Portugal,6.8625,0.630435,1,0.785714,66.794425,574,9
Charles De Ketelaere,Forward,Belgium,6.95,0.5,0.428571,0.666667,25.923913,368,9
Teun Koopmeiners,Midfielder,Netherlands,6.7444444444444445,0.5,1,0.428571,45.526316,342,9
Leandro Trossard,Forward,Belgium,7.177777777777777,0.4375,0.526316,0.285714,37.352941,612,9
Juan Fernando Quintero,Midfielder,Colombia,7.3625,0.458333,0.428571,0.5,54.168618,427,9
Mehdi Taremi,Forward,Iran,6.877777777777777,0.464,0.3125,0.636364,25.204918,732,9
Pepe,Defender,Portugal,7.075,0.662162,1,0.454545,57.375,720,9
Frenkie de Jong,Midfielder,Netherlands,7.199999999999999,0.647887,0.571429,0.571429,65.910781,807,9
Kristoffer Nordfeldt,Goalkeeper,Sweden,6,,,,29.358289,187,9
Memphis Depay,Forward,Netherlands,6.5625,0.275,0.2,1,34.615385,351,9
Nathan Aké,Defender,Netherlands,6.825,0.553191,,0.571429,63.235747,649,9
Mathew Leckie,Midfielder,Australia,6.3,0.450382,0.333333,0.666667,25.097451,667,9
Mohamed Kanno,Midfielder,Saudi Arabia,6.8999999999999995,0.525641,0.666667,0.466667,46.764706,510,9
João Mário,Midfielder,Portugal,6.533333333333334,0.4375,0.5,0.666667,49.550562,356,9
Daizen Maeda,Forward,Japan,6.933333333333334,0.435897,,0.555556,9.883178,428,8
Martín Cáceres,Defender,Uruguay,6.6499999999999995,0.4,0.8,0.666667,44.5,540,8
Sebastián Coates,Defender,Uruguay,6.8,0.52381,,,51.333333,270,8
Hiroki Itō,Defender,Japan,6.7,0.375,,0.5,55.777778,405,8
Ritsu Doan,Midfielder,Japan,6.9,0.469388,0.363636,0.6,23.76,500,8
Dani Carvajal,Defender,Spain,6.8,0.37931,0.4,0.4,66.082192,365,8
Daichi Kamada,Midfielder,Japan,6.7375,0.461538,0.625,0.545455,41.083969,655,8
Eiji Kawashima,Goalkeeper,Japan,6.675,,,,23.75,360,8
Michael Olise,Midfielder,France,7.35,0.51087,0.428571,0.533333,55.688351,661,8
Mikel Oyarzabal,Forward,Spain,7.1125,0.413043,0.5,0.833333,22.46281,605,8
Alexis Vega,Midfielder,Mexico,6.55,0.307692,0.333333,,26.213592,206,8
Jonathan David,Forward,Canada,6.6625000000000005,0.291667,,0.4,24.371941,613,8
Djed Spence,Defender,England,6.9375,0.62,0.6,0.555556,37.951807,415,8
Manu Koné,Midfielder,France,6.840000000000001,0.45,0.111111,0.625,60.075567,397,8
Maya Yoshida,Defender,Japan,6.8875,0.622951,0.5,0.666667,62.76,750,8
Lamine Yamal,Midfielder,Spain,7.1875,0.456311,0.529412,0.818182,39.219512,615,8
Christian Pulišić,Forward,USA,7.025,0.467532,0.37931,0.25,31.558442,539,8
Luis Romo,Defender,Mexico,6.95,0.518519,0.333333,0.666667,36.268657,268,8
Tajon Buchanan,Midfielder,Canada,6.3625,0.367347,0.342857,0.75,22.429907,642,8
Morgan Rogers,Midfielder,England,6.671428571428572,0.470588,0.571429,0.6,30.687679,349,8
Junya Ito,Midfielder,Japan,6.725,0.4375,0.157895,0.545455,25.594796,538,8
Luis Chávez,Midfielder,Mexico,7.175000000000001,0.5,0.5,0.5,45,294,8
Marco Asensio,Midfielder,Spain,6.685714285714285,0.363636,0.5,0.5,42.631579,361,8
Ezri Konsa,Defender,England,6.8125,0.622222,0.666667,1,63.681818,660,8
Giuliano Simeone,Midfielder,Argentina,6.233333333333333,0.37037,,0.5,40.569948,193,8
Mikel Merino,Midfielder,Spain,6.875,0.512195,,0.666667,45.428571,210,8
Raphinha,Midfielder,Brazil,6.8428571428571425,0.381818,0.25,0.75,33.825503,447,8
Pedro Porro,Defender,Spain,7.466666666666666,0.551724,0.5,0.785714,57.606383,564,8
Nico O'Reilly,Defender,England,6.5,0.533333,0.625,0.5,39.935065,462,8
Bradley Barcola,Forward,France,7.1375,0.510638,0.571429,0.8,29.0625,384,8
Elliot Anderson,Midfielder,England,7.15,0.632184,1,0.9,64.305994,634,8
Haris Seferović,Forward,Switzerland,6.55,0.307692,,,15.428571,210,8
Wataru Endo,Midfielder,Japan,6.925,0.530612,0.333333,0.5,54.983923,311,8
Maxence Lacroix,Defender,France,6.8,0.481481,1,0.666667,50.625,240,8
Marc Guéhi,Defender,England,7.075,0.707317,0.666667,0.5,70.733138,682,8
Jordi Alba,Defender,Spain,7.0625,0.4375,0.714286,0.7,96.722561,656,8
Fabián Ruiz,Midfielder,Spain,6.914285714285714,0.75,,0.571429,79.39577,331,8
Lucas Torreira,Midfielder,Uruguay,6.840000000000001,0.461538,0.5,0.5,43.815789,304,8
Richie Laryea,Defender,Canada,7.0125,0.631579,0.545455,0.769231,33.293919,592,8
Gaku Shibasaki,Midfielder,Japan,7.175,0.454545,0.666667,0.75,61.231672,341,8
Gabriel Jesus,Forward,Brazil,6.85,0.492308,0.5,0.875,22.455446,505,8
Harry Souttar,Defender,Australia,7,0.656716,,,45.416116,757,8
Alireza Beiranvand,Goalkeeper,Iran,7.3,,1,,23.815385,650,8
Nicolas Jackson,Forward,Senegal,6.5200000000000005,0.352941,0.25,1,21.24,250,8
Mohamed Salah,Midfielder,Egypt,7.085714285714286,0.432432,0.478261,,25.164474,608,8
Alex Baena,Midfielder,Spain,7.071428571428571,0.395833,0.285714,0.555556,40.102669,487,8
Saeid Ezatolahi,Midfielder,Iran,6.7875,0.505495,1,0.5,31.895223,649,8
Nicolás González,Midfielder,Argentina,6.785714285714286,0.575,0.444444,0.6,39.130435,253,8
Noni Madueke,Forward,England,7.0200000000000005,0.5,0.384615,0.8,28.4375,288,8
Pau Cubarsí,Defender,Spain,7.5625,0.577778,,0.571429,83.88,750,8
Alex Sandro,Defender,Brazil,7.05,0.7,0.5,0.375,70.100503,199,8
Roberto Alvarado,Forward,Mexico,7.166666666666667,0.552632,0.777778,0.375,39.130435,460,8
Luis Suárez,Forward,Uruguay,6.9,0.449275,0.428571,,25.628141,597,8
Sergio Busquets,Midfielder,Spain,6.975,0.579545,1,0.571429,71.856764,754,8
Pape Gueye,Midfielder,Senegal,7.1000000000000005,0.425532,,0.428571,50.798969,388,8
Cyle Larin,Forward,Canada,6.642857142857143,0.258065,0.4,,13.527607,326,8
Eberechi Eze,Midfielder,England,6.82,0.5,0.75,,40.909091,209,8
Diego Godín,Defender,Uruguay,7.171428571428572,0.65,1,0.5,49.784053,602,8
Alphonso Davies,Defender,Canada,6.575,0.42,0.48,0.5,31.578947,285,8
Johan Vásquez,Defender,Mexico,7.075,0.695652,,0.333333,56.842105,380,8
Mohamed El-Shenawy,Goalkeeper,Egypt,6.35,,,,22.5,180,8
Alireza Jahanbakhsh,Forward,Iran,6.671428571428572,0.444444,1,0.75,20.425532,282,8
Mahmoud Trézéguet,Midfielder,Egypt,6.585714285714286,0.396825,0.5,0.833333,36.131387,411,8
Hiroki Sakai,Defender,Japan,6.616666666666667,0.535211,0.333333,0.538462,35.323591,479,8
Dylan Bronn,Defender,Tunisia,6.720000000000001,0.578947,,0.666667,44.161491,322,8
Lucas Digne,Defender,France,6.616666666666666,0.588235,0.5,0.6,47.647059,476,8
Pathé Ismaël Ciss,Midfielder,Senegal,6.728571428571429,0.541667,0.6,0.75,52.767857,336,8
Krépin Diatta,Midfielder,Senegal,6.7,0.5625,0.727273,0.769231,51.608392,572,8
Derek Cornelius,Defender,Canada,6.45,0.527778,,0.6,54.571429,315,8
Alistair Johnston,Defender,Canada,6.8125,0.490909,0.571429,0.714286,42.125,720,8
Matias Vecino,Midfielder,Uruguay,6.8,0.424658,0.666667,0.636364,52.647059,612,8
Takehiro Tomiyasu,Defender,Japan,6.95,0.533333,,0.5,53.756757,370,8
Iliman Ndiaye,Midfielder,Senegal,7,0.441176,0.75,,30.579151,259,8
Xherdan Shaqiri,Midfielder,Switzerland,7.128571428571428,0.465517,0.4375,1,40.515464,582,8
Ismail Jakobs,Defender,Senegal,6.7,0.489796,0.333333,0.4,36.144578,498,8
Jorge Sánchez,Defender,Mexico,6.6000000000000005,0.38,0.375,0.4,27.913534,532,8
Victor Lindelöf,Defender,Sweden,6.5125,0.548387,1,0.75,38.535912,724,8
Ayase Ueda,Forward,Japan,7.040000000000001,0.358974,0.666667,1,12.195122,369,8
Facundo Medina,Defender,Argentina,6.925,0.636364,,0.777778,41.650485,309,8
Mike Maignan,Goalkeeper,France,6.8375,0.75,,,23.392613,731,8
Marc Cucurella,Defender,Spain,7.1,0.486486,0.5,0.5,50.64,750,8
Koke,Midfielder,Spain,6.82,0.473684,0.666667,0.833333,108.064516,279,8
Ao Tanaka,Midfielder,Japan,6.916666666666667,0.638889,1,0.583333,56.219178,365,8
Anthony Gordon,Forward,England,6.883333333333333,0.380952,0.333333,0.6,22.718447,412,8
Désiré Doué,Forward,France,6.875,0.4375,0.36,0.666667,42.689487,409,8
James Rodríguez,Midfielder,Colombia,7.05,0.468085,0.692308,0.4,61.791045,469,8
Jérémy Doku,Midfielder,Belgium,6.766666666666667,0.507937,0.461538,1,28.832335,334,8
Shogo Taniguchi,Defender,Japan,6.68,0.590909,,,42.857143,441,8
Ivan Strinić,Defender,Croatia,6.483333333333333,0.479452,0.5,0.416667,42.798434,511,7
Phil Jones,Defender,England,6.75,0.529412,,0.5,72.5,180,7
Dele Alli,Midfielder,England,6.779999999999999,0.547619,0.25,0.428571,37.907609,368,7
Seung Ho Paik,Midfielder,South Korea,6.8999999999999995,0.625,,0.5,71.688312,231,7
Reece James,Defender,England,6.779999999999999,0.538462,0.5,0.5,46.238532,327,7
Félix Torres,Defender,Ecuador,6.9,0.611111,,1,65.512367,283,7
Paul Pogba,Midfielder,France,7.266666666666667,0.54717,0.8,0.846154,51.428571,539,7
Christian Eriksen,Midfielder,Denmark,7.171428571428572,0.346939,0.416667,0.666667,48.818182,660,7
Jesse Lingard,Forward,England,6.883333333333333,0.4,0.727273,0.5,38.766603,527,7
Youssouf Sabaly,Defender,Senegal,6.857142857142857,0.523077,0.7,0.875,39.869707,614,7
Kang-in Lee,Midfielder,South Korea,7.071428571428571,0.588235,0.785714,0.5,45.734266,429,7
Andreas Cornelius,Forward,Denmark,6.7,0.46988,0.666667,,24.901186,253,7
Achraf Dari,Defender,Morocco,6.933333333333334,0.411765,,,53.42246,187,7
Danny Rose,Defender,England,6.56,0.551724,0.6,0.333333,33.694581,203,7
Kamaldeen Sulemana,Forward,Ghana,6.5,0.4,0.3,0.5,22.258065,186,7
Leroy Sané,Midfielder,Germany,6.75,0.301887,0.217391,0.571429,50.136986,438,7
Simon Kjær,Defender,Denmark,7.08,0.393939,,0.666667,54.791209,455,7
Mario Mandžukić,Forward,Croatia,7.366666666666667,0.53,0.666667,0.916667,26.052632,608,7
Woo-Young Jung,Midfielder,South Korea,6.628571428571428,0.361702,0.5,0.75,55.75406,431,7
Robert Lewandowski,Forward,Poland,6.8428571428571425,0.421488,0.4,1,22.714286,630,7
Hirving Lozano,Forward,Mexico,7.357142857142857,0.547826,0.677419,0.357143,20.589255,577,7
Josip Pivarić,Defender,Croatia,6.775,0.521739,0.888889,0.666667,57.6,200,7
Jamal Musiala,Midfielder,Germany,7,0.495935,0.618182,0.666667,35.320755,530,7
Jawad El Yamiq,Defender,Morocco,7,0.875,,0.5,47.337662,308,7
Corentin Tolisso,Midfielder,France,6.659999999999999,0.413793,0.333333,0.333333,59.552239,201,7
Hwang In-beom,Midfielder,South Korea,6.942857142857143,0.377778,0.25,0.714286,68.316832,606,7
Piero Hincapié,Defender,Ecuador,6.7,0.544118,0.2,0.473684,54.206219,611,7
Samuel Umtiti,Defender,France,6.833333333333333,0.666667,1,0.75,34.666667,540,7
Rahman Baba,Defender,Ghana,6.3999999999999995,0.391304,0.25,0.6,31.546392,194,7
Antoine Semenyo,Midfielder,Ghana,6.383333333333333,0.355556,0.4,1,15.348837,387,7
Randal Kolo Muani,Forward,France,7.033333333333334,0.545455,0.375,0.714286,20.5,180,7
Edinson Cavani,Forward,Uruguay,7.414285714285714,0.5625,1,0.666667,23.948498,466,7
Dedryck Boyata,Defender,Belgium,6.966666666666666,0.6,,,65.666667,270,7
Hector Herrera,Midfielder,Mexico,6.783333333333334,0.477778,0.5,0.631579,48.238636,528,7
Ashley Young,Defender,England,6.779999999999999,0.322581,0.666667,0.75,36.233766,462,7
Josip Juranović,Midfielder,Croatia,7.133333333333333,0.677419,0.5,0.666667,47.4,600,7
Nacer Chadli,Midfielder,Belgium,7.06,0.465116,0.538462,0.4,42.385321,327,7
Jan Bednarek,Defender,Poland,7.05,0.714286,1,1,66.176471,238,7
Bruno Petkovic,Forward,Croatia,6.733333333333333,0.490909,0.666667,0.666667,28.565217,230,7
Kim Young-gwon,Defender,South Korea,7.042857142857143,0.5625,1,0.75,43.768116,621,7
Šime Vrsaljko,Defender,Croatia,6.866666666666667,0.5,0.428571,0.666667,43.739703,607,7
Hernán Galíndez,Goalkeeper,Ecuador,6.8428571428571425,,,,23.142857,630,7
Marouane Fellaini,Forward,Belgium,6.9799999999999995,0.492308,0.75,0.857143,37.732919,322,7
Fabian Schar,Defender,Switzerland,6.840000000000001,0.581395,,0.5,66.444444,405,7
Aaron Mooy,Midfielder,Australia,7.057142857142857,0.553191,0.857143,0.466667,56,630,7
Youssouf Fofana,Midfielder,France,6.720000000000001,0.545455,1,0.625,44.8,225,7
Pervis Estupiñán,Midfielder,Ecuador,6.76,0.372549,0.285714,0.4,49.387187,359,7
Kai Havertz,Forward,Germany,7.416666666666667,0.42,,0.75,30.458515,458,7
Amadou Onana,Midfielder,Belgium,6.7,0.703704,1,0.375,55.023697,211,7
Kamil Grosicki,Midfielder,Poland,6.875,0.428571,1,1,20.707965,226,7
Bartosz Bereszynski,Defender,Poland,6.542857142857143,0.431034,0.3,0.375,30.821918,511,7
Enner Valencia,Forward,Ecuador,6.8428571428571425,0.375,0.285714,0.333333,14.835165,546,7
Jens Stryger Larsen,Defender,Denmark,6.7,0.47619,0.5,0.333333,28,270,7
Lawrence Ati Zigi,Goalkeeper,Ghana,7.32,,,,25.777778,405,7
César Montes,Defender,Mexico,7.028571428571429,0.571429,1,0.5,57.076923,585,7
Grzegorz Krychowiak,Midfielder,Poland,6.985714285714286,0.605634,0.5,0.588235,45.596026,604,7
Sofiane Boufal,Forward,Morocco,6.828571428571428,0.538462,0.583333,0.454545,23.153527,482,7
Jordan Ayew,Forward,Ghana,6.6000000000000005,0.455882,0.272727,1,18,440,7
Arkadiusz Milik,Forward,Poland,6.375,0.363636,1,,25.5,180,7
Wojciech Szczęsny,Goalkeeper,Poland,7.2,0.571429,,,30.333333,540,7
Gideon Mensah,Defender,Ghana,6.94,0.594595,0.6,0.75,40.580357,448,7
Iñaki Williams,Midfielder,Ghana,6.459999999999999,0.344828,1,0.5,14.684211,380,7
Kim Moon-hwan,Defender,South Korea,6.82,0.62069,0.5,0.5,42.598608,431,7
Ko Itakura,Defender,Japan,7.140000000000001,0.518519,,0.5,51.654135,399,7
Kamil Glik,Defender,Poland,6.716666666666666,0.45,,0.333333,40.5,460,7
Martin Braithwaite,Forward,Denmark,6.583333333333333,0.387097,0.8,,17.847025,353,7
Ante Rebić,Forward,Croatia,6.816666666666666,0.473214,0.730769,0.777778,19.908592,547,7
Sadio Mané,Midfielder,Senegal,6.814285714285715,0.427083,0.419355,0.571429,32.559242,633,7
Yahia Attiyat Allah,Defender,Morocco,6.6499999999999995,0.25,,0.5,29.620253,316,7
Alan Franco,Midfielder,Ecuador,6.7,0.461538,,0.666667,40.8,300,7
Ruben Loftus-Cheek,Midfielder,England,6.75,0.608696,0.8,,41.058394,274,7
Gonzalo Plata,Midfielder,Ecuador,6.685714285714285,0.4,0.409091,0.583333,32.050874,629,7
Selim Amallah,Midfielder,Morocco,6.685714285714285,0.436364,0.333333,0.692308,18.704156,409,7
Kim Min-jae,Defender,South Korea,6.8500000000000005,0.71875,1,0.6,72.306238,529,7
Willian Pacho,Defender,Ecuador,6.825,0.612903,1,0.4,60,360,7
Andreas Christensen,Defender,Denmark,7.128571428571428,0.55,,0.5,66.25,576,7
Ángelo Preciado,Midfielder,Ecuador,6.685714285714285,0.444444,0.333333,0.75,31.27321,377,7
Ivan Rakitić,Midfielder,Croatia,7.385714285714286,0.572917,0.733333,0.25,59.388715,638,7
Yann Sommer,Goalkeeper,Switzerland,6.857142857142857,0.5,1,,33.857143,630,7
Kasper Schmeichel,Goalkeeper,Denmark,7.471428571428571,0.75,,,28.772727,660,7
Gue-sung Cho,Forward,South Korea,6.75,0.430769,,,19.389068,311,7
Alidu Seidu,Defender,Ghana,6.766666666666667,0.666667,0.833333,0.714286,33.218884,233,7
Stephen Eustaquio,Midfielder,Canada,7.471428571428571,0.636364,1,0.466667,64.061896,517,7
Moisés Caicedo,Midfielder,Ecuador,7.2,0.535714,0.166667,0.733333,64.531002,629,7
Danijel Subašić,Goalkeeper,Croatia,6.966666666666666,,,,23,630,7
Piotr Zielinski,Midfielder,Poland,6.928571428571429,0.560976,0.625,0.75,45.840407,589,7
David Raum,Defender,Germany,7.1,0.435897,0.4,0.571429,48.205128,351,7
Andrés Guardado,Midfielder,Mexico,6.779999999999999,0.473684,0.571429,0.777778,36.657303,356,7
Marko Livaja,Forward,Croatia,6.6499999999999995,0.346154,,1,21.198347,242,7
Thomas Partey,Midfielder,Ghana,6.983333333333333,0.659574,0.666667,0.692308,54.5,540,6
Vahid Amiri,Defender,Iran,6.8999999999999995,0.515152,0.75,0.25,17.932331,266,6
Bryan Ruiz,Midfielder,Costa Rica,6.6,0.416667,0.666667,1,40.334448,299,6
Martin Ødegaard,Midfielder,Norway,6.94,0.416667,0.444444,0.666667,68.025478,471,6
Ali Abdi,Defender,Tunisia,6.266666666666667,0.533333,0.6,0.8125,26.848739,476,6
Alexander Sørloth,Forward,Norway,6.42,0.316667,0.1,,31.935484,341,6
Neil El Aynaoui,Midfielder,Morocco,6.833333333333333,0.476923,0.333333,0.526316,70.497336,563,6
Chadi Riad,Defender,Morocco,6.725,0.642857,0.666667,1,59.73913,345,6
Hassan Tambakti,Defender,Saudi Arabia,6.42,0.625,,0.714286,31.603053,393,6
Karim Ansarifard,Forward,Iran,6.640000000000001,0.321429,0.5,0.5,14.788732,213,6
Éric Davis,Defender,Panama,6.2,0.533333,,0.75,51.904762,189,6
Hannibal Mejbri,Midfielder,Tunisia,6.95,0.622222,0.428571,0.5,37.630662,287,6
Marcus Pedersen,Midfielder,Norway,6.5,0.263158,,1,30.889831,236,6
Redouane Halhal,Defender,Morocco,6.75,0.647059,,1,59.5,180,6
Firas Al-Buraikan,Forward,Saudi Arabia,6.466666666666666,0.421053,0.166667,0.75,20.374016,508,6
Wahbi Khazri,Forward,Tunisia,7.4799999999999995,0.387097,,0.4,24.190751,346,6
Manuel Ugarte,Midfielder,Uruguay,6.5,0.333333,0.333333,0.333333,66.774194,186,6
Pedro Miguel,Defender,Qatar,6.6499999999999995,0.627451,0.8,0.666667,27.861163,533,6
Héctor Moreno,Defender,Mexico,6.583333333333333,0.512195,,0.833333,56.333333,540,6
Nuno Mendes,Defender,Portugal,7.416666666666667,0.529412,0.409091,0.666667,56.583144,439,6
Edouard Mendy,Goalkeeper,Senegal,6.3500000000000005,0.75,,,27.54386,513,6
Brandon Mechele,Defender,Belgium,6.933333333333334,0.590909,1,0.571429,63.704348,575,6
İlkay Gündoğan,Midfielder,Germany,7.05,0.545455,1,0.25,79.243028,251,6
Dušan Tadić,Forward,Serbia,7.183333333333334,0.47541,0.538462,0.666667,32.648752,521,6
Shoja Khalilzadeh,Defender,Iran,7.1000000000000005,0.583333,,0.428571,47,270,6
Abdulelah Al-Amri,Defender,Saudi Arabia,6.816666666666666,0.611111,,0.5,41.490826,436,6
Anass Salah-Eddine,Defender,Morocco,6.6,0.52381,,0.714286,64.95283,212,6
Ismael Saibari,Midfielder,Morocco,7.140000000000001,0.416667,0.571429,0.666667,23.142857,385,6
José Luis Rodríguez,Midfielder,Panama,6.233333333333333,0.384615,0.416667,0.75,19.58159,478,6
Nicolas Raskin,Midfielder,Belgium,7.166666666666667,0.47619,0.5,0.5,60.086705,346,6
Saud Abdulhamid,Midfielder,Saudi Arabia,6.6000000000000005,0.583333,0.75,0.647059,31.22449,539,6
Oscar Bobb,Midfielder,Norway,6.783333333333334,0.461538,0.222222,0.5,40.171674,233,6
Nikola Milenković,Defender,Serbia,7.016666666666667,0.653061,,0.533333,46.333333,540,6
Bryan Oviedo,Defender,Costa Rica,6.5,0.555556,,0.75,25.918367,441,6
Sardar Azmoun,Forward,Iran,6.633333333333333,0.453333,0.333333,0.333333,20,396,6
Mathías Olivera,Defender,Uruguay,7.066666666666666,0.584615,0.428571,0.529412,56.742857,525,6
Federico Valverde,Midfielder,Uruguay,7.033333333333334,0.409091,0.625,0.6,53.254438,507,6
Sander Berge,Midfielder,Norway,6.88,0.466667,1,0.666667,80.8125,480,6
Meshaal Barsham,Goalkeeper,Qatar,6.1,,,,26.5,180,6
Ali Maâloul,Defender,Tunisia,6.133333333333333,0.384615,1,0.5,44.666667,270,6
Anis Ben Slimane,Midfielder,Tunisia,6.4799999999999995,0.404762,,0.6,25.484694,392,6
Celso Borges,Midfielder,Costa Rica,6.8500000000000005,0.644444,0.8,0.307692,41.976967,521,6
Abdelaziz Hatem,Midfielder,Qatar,6.45,0.3125,1,0.5,44.439834,241,6
Sergio Rochet,Goalkeeper,Uruguay,6.8,0.5,,,25.714286,315,6
Majid Hosseini,Defender,Iran,6.6499999999999995,0.548387,1,0.571429,27.978261,460,6
Joel Campbell,Midfielder,Costa Rica,6.94,0.52439,0.619048,0.6,37.225131,382,6
Fabian Delph,Midfielder,England,6.675,0.5,0.625,0.75,61.363636,220,6
Filip Kostic,Midfielder,Serbia,6.5,0.534884,0.5,0.571429,30.693642,346,6
Patrick Berg,Midfielder,Norway,6.8999999999999995,0.545455,0.833333,0.7,35.472973,444,6
Aymen Dahmen,Goalkeeper,Tunisia,6.92,,,,23.4,450,6
Kendall Waston,Defender,Costa Rica,6.8,0.666667,,0.571429,30.857143,315,6
Jarell Quansah,Defender,England,6.266666666666667,0.684211,1,,45.45,200,6
Dan Ndoye,Midfielder,Switzerland,6.95,0.534483,0.357143,0.833333,20.514706,408,6
Andreas Schjelderup,Midfielder,Norway,7.05,0.428571,0.363636,0.375,36.573705,251,6
Borna Sosa,Midfielder,Croatia,6.94,0.594595,0.5,0.428571,46.164706,425,6
Saleh Al-Shehri,Forward,Saudi Arabia,6.966666666666666,0.451613,,0.333333,18.318584,226,6
Thomas Müller,Midfielder,Germany,6.95,0.4,,0.857143,36.658537,410,6
Maxim De Cuyper,Defender,Belgium,6.733333333333333,0.5,1,0.285714,43.794643,448,6
Yussuf Poulsen,Forward,Denmark,6.266666666666667,0.447761,0.583333,0.5,26.096654,269,6
Vincent Kompany,Defender,Belgium,6.9799999999999995,0.45,,0.8,68.324607,382,6
Facundo Pellistri,Midfielder,Uruguay,6.5,0.181818,,0.5,21.263736,182,6
Blaise Matuidi,Midfielder,France,6.7,0.438596,,0.714286,30,336,6
Fredrik Aursnes,Midfielder,Norway,6.733333333333333,0.558824,0.5,0.666667,47.612903,310,6
Aleksandar Mitrovic,Forward,Serbia,7.033333333333334,0.467391,0.75,0.666667,22.372881,531,6
Ferjani Sassi,Midfielder,Tunisia,6.7,0.441176,0.6,0.285714,67.590361,249,6
Keylor Navas,Goalkeeper,Costa Rica,6.616666666666667,,,,29.333333,540,6
Ayyoub Bouaddi,Midfielder,Morocco,6.68,0.583333,0.555556,0.333333,61.40625,384,6
Yeltsin Tejeda,Midfielder,Costa Rica,6.55,0.454545,,0.5,33.586957,276,6
Kristoffer Ajer,Defender,Norway,6.840000000000001,0.697674,1,0.8,53.4375,480,6
Niklas Sule,Defender,Germany,6.875,0.68,,0.833333,81.727019,359,6
Almoez Ali,Midfielder,Qatar,6.225,0.217391,,,17.704918,244,6
Darwin Núñez,Forward,Uruguay,6.366666666666667,0.352941,0.25,0.6,18.13602,397,6
Erling Haaland,Forward,Norway,7.9,0.511628,0.25,,10.83871,465,6
Brahim Díaz,Midfielder,Morocco,6.833333333333333,0.478261,0.533333,0.5,31.558442,462,6
Hossein Kanaani,Defender,Iran,6.566666666666666,0.4,,,21.5,180,6
Hassan Al Haydos,Forward,Qatar,6.659999999999999,0.285714,0.428571,0.25,28.472727,275,6
Abdullah Otayf,Midfielder,Saudi Arabia,7.133333333333333,0.692308,0.666667,0.375,97.008197,244,6
Karim Boudiaf,Midfielder,Qatar,6.540000000000001,0.419355,0.333333,0.5,54.878049,287,6
Abdullah Al-Khaibari,Midfielder,Saudi Arabia,6.6000000000000005,0.6,1,0.5,30,180,6
Boualem Khoukhi,Defender,Qatar,6.466666666666666,0.55814,,0.714286,51.833333,540,6
Akram Afif,Midfielder,Qatar,7.066666666666666,0.441176,0.333333,1,42.436149,509,6
Aníbal Godoy,Midfielder,Panama,6.5,0.464286,0.333333,,41.647059,255,6
Julian Ryerson,Midfielder,Norway,6.85,0.411765,0.5,0.727273,50.973451,226,6
Chemsdine Talbi,Midfielder,Morocco,6.7,0.5,0.4,1,26.065574,183,6
Antonio Nusa,Forward,Norway,6.616666666666667,0.355556,0.26087,0.5,23.815385,325,6
Óscar Duarte,Defender,Costa Rica,6.42,0.551724,0.666667,0.5,33.6,450,6
Torbjørn Heggem,Defender,Norway,6.74,0.619048,1,0.875,61.013514,444,6
Yoel Bárcenas,Midfielder,Panama,6.8999999999999995,0.489362,0.5,0.166667,32.605932,472,6
Morteza Pouraliganji,Defender,Iran,6.75,0.488372,,0.6,30.666667,540,6
Ørjan Nyland,Goalkeeper,Norway,7.42,,,,34.6875,480,6
Miloš Veljković,Defender,Serbia,6.375,0.615385,,0.2,45.43131,313,6
Sergej Milinkovic-Savic,Midfielder,Serbia,6.6499999999999995,0.402299,0.583333,0.272727,41.798419,506,6
Issa Diop,Defender,Morocco,6.94,0.6,,1,63.962264,477,6
Agustín Canobbio,Midfielder,Uruguay,6.725,0.416667,0.166667,0.571429,29.489362,235,6
Nasser Al-Dawsari,Midfielder,Saudi Arabia,6.75,0.517241,0.8,0.714286,48.302752,218,6
Naïm Sliti,Midfielder,Tunisia,6.779999999999999,0.555556,0.571429,0.4,28.067797,295,6
Fidel Escobar,Defender,Panama,6.449999999999999,0.517241,,0.5,27.75,360,6
Yassine Meriah,Defender,Tunisia,6.683333333333334,0.5,0.833333,0.571429,59.666667,540,6
Montassar Talbi,Defender,Tunisia,6.7,0.475,,0.8,41.79159,547,6
Johan Venegas,Forward,Costa Rica,6.466666666666666,0.363636,0.25,0.25,22.098214,224,6
Andrija Zivkovic,Midfielder,Serbia,7.1,0.578947,,0.6,31.973684,228,6
David Møller Wolfe,Defender,Norway,6.76,0.483871,0.333333,0.6,35.49884,431,6
Matthew Freese,Goalkeeper,USA,6.5,,,,18.739726,365,5
Ali Ahmed,Midfielder,Canada,6.9,0.53125,0.2,0.285714,25.169492,236,5
Ali Albulayhi,Defender,Saudi Arabia,6.725,0.611111,,0.4,38.697068,307,5
Fagner,Defender,Brazil,6.775,0.368421,1,0.555556,49.22252,373,5
Homam Al-Amin,Defender,Qatar,6.08,0.512821,0.6,1,25.181347,386,5
Roman Zobnin,Midfielder,Russia,6.9,0.528571,0.75,0.571429,32.470588,510,5
Ola Toivonen,Forward,Sweden,6.94,0.455882,0.666667,,22.275,400,5
Alexander Freeman,Defender,USA,7.359999999999999,0.666667,0.615385,0.428571,62.380952,378,5
Emam Ashour,Midfielder,Egypt,6.959999999999999,0.479167,0.3,0.666667,50.163934,366,5
Mostafa Ziko,Midfielder,Egypt,6.859999999999999,0.301887,,0.666667,19.68,375,5
Robin Olsen,Goalkeeper,Sweden,6.9799999999999995,,,,26.4,450,5
Ricardo Pepi,Forward,USA,6.4,0.413793,1,0.5,19.493088,217,5
Damián Bobadilla,Midfielder,Paraguay,6.5,0.533333,,0.428571,15.631579,190,5
Aleksandr Golovin,Midfielder,Russia,7.25,0.433333,0.714286,0.384615,30,402,5
Malik Tillman,Midfielder,USA,7.340000000000001,0.455882,0.375,0.875,36.486486,370,5
Amir Murillo,Defender,Panama,6.5,0.57377,0.583333,0.461538,33.4,450,5
Tani Oluwaseyi,Forward,Canada,6.659999999999999,0.470588,0.5,0.6,16.961538,260,5
Luc De Fougerolles,Defender,Canada,6.7,0.527273,,0.75,51.290323,372,5
Juan Cáceres,Defender,Paraguay,6.9,0.586667,0.444444,0.545455,22.2,450,5
Sebastian Berhalter,Midfielder,USA,7.06,0.555556,1,,62.1,200,5
Aleksandr Samedov,Midfielder,Russia,6.74,0.5,0.625,0.833333,34.5961,359,5
Mário Fernandes,Defender,Russia,7,0.622951,,0.636364,36.228814,472,5
Rayan,Midfielder,Brazil,7.175,0.580645,0.833333,1,30.207612,289,5
Andreas Granqvist,Defender,Sweden,7.660000000000001,0.594595,1,0.25,35.6,450,5
Gustavo Puerta,Midfielder,Colombia,7.12,0.447368,0.4,1,54.765957,470,5
Nahitan Nández,Midfielder,Uruguay,6.68,0.517857,0.75,0.875,37.78157,293,5
Miranda,Defender,Brazil,7.12,0.571429,1,0.545455,50.539957,463,5
Yuriy Gazinskiy,Midfielder,Russia,6.875,0.5,1,0.75,39.586466,266,5
Julián Quiñones,Forward,Mexico,7.7,0.434783,0.666667,,29.565217,414,5
Daler Kuzyaev,Midfielder,Russia,6.4799999999999995,0.425,0.666667,0.6,28.125,304,5
Philippe Coutinho,Midfielder,Brazil,7.640000000000001,0.469388,0.583333,1,66.38009,442,5
Igor Akinfeev,Goalkeeper,Russia,7.0200000000000005,,,,22.058824,510,5
Sergey Ignashevich,Defender,Russia,7.140000000000001,0.684211,,0.625,28.411765,510,5
Fedor Smolov,Forward,Russia,6.44,0.301887,0.6,0.666667,31.643836,219,5
Luis Díaz,Midfielder,Colombia,6.92,0.333333,0.230769,,29.937238,478,5
Emil Forsberg,Midfielder,Sweden,6.88,0.5,0.7,0.6,21.582734,417,5
Raúl Rangel,Goalkeeper,Mexico,7.12,0.666667,,,26.921397,458,5
Julio Enciso,Midfielder,Paraguay,6.959999999999999,0.419355,0.428571,1,16.744186,387,5
Omar Marmoush,Forward,Egypt,6.8,0.538462,0.4375,0.75,20.705521,326,5
Folarin Balogun,Forward,USA,7.025,0.382353,0.428571,,13.911672,317,5
Pedro Neto,Midfielder,Portugal,6.8,0.458333,0.3,0.666667,38.352273,352,5
Gustavo Gómez,Defender,Paraguay,6.779999999999999,0.642857,,0.6,19.063136,491,5
Fedor Kudryashov,Defender,Russia,6.35,0.434783,,0.25,26.137725,334,5
Denis Cheryshev,Midfielder,Russia,7.279999999999999,0.444444,0.75,0.857143,22.5,304,5
Gilberto Mora,Midfielder,Mexico,6.575,0.391304,0.25,0.666667,36,215,5
Marwan Attia,Midfielder,Egypt,7.1,0.4,0.5,0.375,72.404494,445,5
Francisco Calvo,Defender,Costa Rica,6.45,0.538462,0.666667,0.642857,44.210526,285,5
Luke Shaw,Defender,England,7.0200000000000005,0.413793,1,0.333333,72.847059,425,5
Matías Galarza,Midfielder,Paraguay,7.175,0.485714,0.5,0.6875,24.81203,399,5
Éder Militão,Defender,Brazil,6.9,0.5,,0.857143,65.948276,348,5
Daley Blind,Defender,Netherlands,7.38,0.583333,0.5,0.642857,56.25,424,5
Thomas Delaney,Midfielder,Denmark,6.92,0.5,0.4,0.545455,43.907767,412,5
Junior Alonso,Defender,Paraguay,6.425,0.459459,,0.818182,20.648379,401,5
Marcelo,Defender,Brazil,7.35,0.64,0.8,0.8,82.762238,286,5
Assim Madibo,Midfielder,Qatar,6.3,0.434783,,0.571429,32.727273,286,5
Daniel Muñoz,Midfielder,Colombia,7.159999999999999,0.464286,,0.333333,41.954887,399,5
Paulinho,Midfielder,Brazil,6.9799999999999995,0.580645,0.666667,0.857143,38.135593,354,5
Nico Schlotterbeck,Defender,Germany,7.2,0.692308,0.5,0.714286,95.384615,234,5
Nathan-Dylan Saliba,Midfielder,Canada,7.566666666666666,0.555556,0.5,0.666667,50.43956,182,5
Richarlison,Forward,Brazil,7.45,0.375,,1,15.460123,326,5
Orlando Gill,Goalkeeper,Paraguay,7.8,,,,26.578411,491,5
Omar Alderete,Defender,Paraguay,6.625,0.533333,,,29.627329,322,5
Mason Mount,Midfielder,England,6.9,0.5,0.666667,1,33.870968,186,5
Renato Veiga,Defender,Portugal,7.159999999999999,0.5625,,0.25,68.6,450,5
Gabriel Magalhães,Defender,Brazil,7.340000000000001,0.766667,,0.2,86,450,5
João Neves,Midfielder,Portugal,7.140000000000001,0.677419,0.4,0.538462,58.695652,391,5
Davy Klaassen,Midfielder,Netherlands,6.975,0.533333,,0.666667,35.340314,191,5
Douglas Santos,Defender,Brazil,6.9799999999999995,0.724138,,0.555556,49.276018,442,5
Brian Gutiérrez,Midfielder,Mexico,6.925,0.388889,0.333333,0.5,26.018957,211,5
Mohammed Al-Burayk,Defender,Saudi Arabia,6.9,0.609756,1,0.545455,66.964286,336,5
Willian,Midfielder,Brazil,7.1,0.482759,0.916667,1,41.883657,361,5
Jurriën Timber,Defender,Netherlands,6.95,0.521739,0.8,0.5,70.846154,390,5
Phil Foden,Midfielder,England,7.25,0.52381,0.75,1,35.444015,259,5
Gustavo Velázquez,Defender,Paraguay,6.720000000000001,0.529412,0.5,1,27.176471,255,5
Andrés Cubas,Midfielder,Paraguay,6.959999999999999,0.490566,0.5,0.619048,24.562118,491,5
Viktor Claesson,Midfielder,Sweden,7.140000000000001,0.477612,0.666667,0.454545,28.202765,434,5
Marcus Berg,Forward,Sweden,7,0.407407,0.5,0.428571,18.591549,426,5
Nayef Aguerd,Defender,Morocco,7,0.692308,,0.5,40.169492,354,5
Steven Berghuis,Forward,Netherlands,6.65,0.266667,0.25,0.5,52.462312,199,5
Diego Laxalt,Midfielder,Uruguay,6.675,0.647059,0.666667,0.333333,29.302326,301,5
Nathan Ngoy,Defender,Belgium,6.85,0.52381,,0.666667,58.592375,341,5
Rami Rabia,Defender,Egypt,6.94,0.5,,0.714286,60.316623,379,5
Steven Bergwijn,Midfielder,Netherlands,6.5,0.461538,0.333333,1,29.859813,214,5
Jhon Lucumí,Defender,Colombia,7.040000000000001,0.470588,,1,54.676409,479,5
Maxime Crépeau,Goalkeeper,Canada,6.5200000000000005,0.75,,1,20.8,450,5
Yasser Ibrahim,Defender,Egypt,6.88,0.45098,1,0.857143,51.132075,477,5
Israel Reyes,Defender,Mexico,7.025,0.7,,0.5,42.173913,207,5
Mauricio,Midfielder,Paraguay,7.25,0.7,0.666667,0.75,34.42623,183,5
Ilya Kutepov,Defender,Russia,7,0.578947,,0.666667,29.117647,510,5
Andries Noppert,Goalkeeper,Netherlands,7.279999999999999,,,,29.625,480,5
Albin Ekdal,Midfielder,Sweden,6.859999999999999,0.666667,1,0.230769,36.555819,421,5
Chris Richards,Defender,USA,6.9,0.6,,0.6,73.726027,365,5
Yury Zhirkov,Defender,Russia,6.8999999999999995,0.772727,1,0.5,31.357466,221,5
Ismael Koné,Midfielder,Canada,6.68,0.37037,0.666667,1,75.41502,253,5
Ludwig Augustinsson,Defender,Sweden,6.959999999999999,0.457143,0.333333,0.571429,23,450,5
Erik Lira,Defender,Mexico,7.025,0.5,0.666667,0.333333,48.934426,366,5
Matheus Cunha,Forward,Brazil,7.4,0.538462,0.4,0.5,27.337884,293,5
Mohamed Hany,Defender,Egypt,6.44,0.560976,0.428571,0.642857,44.175153,491,5
Moise Bombito,Defender,Canada,6.533333333333334,0.375,,,55.206186,194,5
Artem Dzyuba,Forward,Russia,7.220000000000001,0.441667,0.375,,28.648649,333,5
Mostafa Shobeir,Goalkeeper,Egypt,7.4799999999999995,,,,24.195519,491,5
Luis Javier Suárez,Forward,Colombia,6.5,0.414634,0.25,1,14.909639,332,5
Jhon Arias,Midfielder,Colombia,7.24,0.589744,0.75,0.642857,56.692913,381,5
Miguel Almirón,Midfielder,Paraguay,6.4,0.553191,0.538462,0.777778,21.875,288,4
Gabriel Gudmundsson,Defender,Sweden,6.75,0.633333,0.333333,0.5,33.072289,332,4
Diney Borges,Defender,Cabo Verde,7.275,0.694444,0.666667,0.636364,46.384615,390,4
Kevin Pina,Midfielder,Cabo Verde,7.05,0.583333,0.625,0.875,41.538462,351,4
Gen Shoji,Defender,Japan,6.833333333333333,0.6875,0.5,0.333333,59.333333,270,4
Cheikhou Kouyaté,Midfielder,Senegal,6.725,0.55,0.666667,0.5,27.329843,191,4
Thapelo Maseko,Midfielder,South Africa,7.066666666666666,0.458333,0.375,0.166667,16.530612,245,4
Noah Sadiki,Midfielder,DR Congo,6.85,0.538462,0.666667,0.333333,39.767442,258,4
Axel Tuanzebe,Defender,DR Congo,6.65,0.588235,,0.4,39,360,4
Nampalys Mendy,Midfielder,Senegal,6.8,0.5,1,1,51.758242,273,4
Radamel Falcao,Forward,Colombia,6.825,0.38961,0.714286,0.5,24.827586,377,4
Mohanad Lasheen,Midfielder,Egypt,6.949999999999999,0.577778,0.75,0.6875,48.162162,370,4
Nicolas Seiwald,Midfielder,Austria,7,0.764706,,0.5,44,315,4
Mitchell Duke,Forward,Australia,6.85,0.428571,0.5,,20.364964,274,4
Ermedin Demirović,Forward,Bosnia & Herzegovina,6.425,0.404255,0.166667,0.4,12.38764,356,4
Rayan Aït-Nouri,Defender,Algeria,6.5,0.627907,0.5,0.8125,56.597938,291,4
Amar Dedić,Defender,Bosnia & Herzegovina,6.5,0.529412,0.25,0.7,25.333333,270,4
Nikola Vasilj,Goalkeeper,Bosnia & Herzegovina,5.875,,,,35.5,360,4
Evidence Makgopa,Forward,South Africa,6.675,0.511628,0.5,0.25,16.478873,213,4
Zanka,Defender,Denmark,6.8,0.5,,1,41.506849,219,4
Thalente Mbatha,Midfielder,South Africa,6.6,0.388889,,0.333333,34.054054,259,4
Mbekezeli Mbokazi,Defender,South Africa,6.95,0.6,0.333333,0.625,51.5,360,4
Carlos Vela,Forward,Mexico,7.125,0.541667,0.714286,1,33.540373,322,4
Gerard Piqué,Defender,Spain,6.95,0.604651,,0.666667,81.461538,390,4
Florian Wirtz,Midfielder,Germany,7.6,0.478261,0.5,0.857143,63.471074,363,4
Aïssa Mandi,Defender,Algeria,6.85,0.73913,,0.6,96.376022,367,4
Deroy Duarte,Midfielder,Cabo Verde,7.025,0.631579,,0.625,34.431818,264,4
Kwasi Sibo,Midfielder,Ghana,6.525,0.25,,,33.975904,249,4
Craig Goodwin,Midfielder,Australia,6.975,0.368421,,0.75,27.957447,235,4
Alvaro Morata,Forward,Spain,7.175,0.357143,0.333333,1,20.163934,183,4
Yunus Musah,Midfielder,USA,6.75,0.45,0.4,0.75,44.869565,345,4
David Silva,Midfielder,Spain,7.025,0.388889,0.714286,1,56.422018,327,4
Éver Banega,Midfielder,Argentina,7,0.459459,0.555556,0.75,85.833333,216,4
Wilmar Barrios,Midfielder,Colombia,6.8,0.485714,,0.916667,44.498141,269,4
Jakub Kiwior,Defender,Poland,6.65,0.454545,,0.5,51.825843,356,4
Takashi Inui,Midfielder,Japan,7.05,0.461538,1,0.714286,38.835616,292,4
Ryan Gravenberch,Midfielder,Netherlands,6.775,0.428571,0.285714,0.25,32.680115,347,4
Vozinha,Goalkeeper,Cabo Verde,7.85,,1,,31.846154,390,4
Bart Verbruggen,Goalkeeper,Netherlands,7.225,,,,26.076923,390,4
Miguel Layún,Defender,Mexico,6.825,0.484848,0.571429,0.6,28.598131,321,4
Henrik Dalsgaard,Defender,Denmark,7.175,0.608696,0.5,0.909091,30.923077,390,4
Hamdy Fathy,Midfielder,Egypt,6.75,0.730769,,0.181818,49.294606,241,4
Arthur Masuaku,Defender,DR Congo,6.825,0.533333,0.166667,0.625,40.188679,318,4
Samuel Moutoussamy,Midfielder,DR Congo,6.725,0.5,1,0.571429,39.189189,333,4
Marin Pongračić,Defender,Croatia,6.633333333333333,0.4375,,0.6,68.666667,270,4
Ibrahim Sangaré,Midfielder,Côte d'Ivoire,7.375,0.657143,,0.357143,66.828358,268,4
Gustaf Lagerbielke,Defender,Sweden,6.45,0.604651,1,0.461538,52.724796,367,4
Luca Zidane,Goalkeeper,Algeria,6.3999999999999995,,,,28.592058,277,4
Esmir Bajraktarević,Forward,Bosnia & Herzegovina,6.4,0.210526,0.166667,,27.117904,229,4
Jonas Adjei Adjetey,Defender,Ghana,6.966666666666666,0.538462,,0.75,48.8,225,4
Farès Chaïbi,Midfielder,Algeria,6.55,0.5,0.333333,0.833333,59.591281,367,4
Shuichi Gonda,Goalkeeper,Japan,6.8500000000000005,0.5,,,23.076923,390,4
Przemyslaw Frankowski,Midfielder,Poland,6.8,0.625,1,0.571429,24.375,240,4
Moussa Niakhaté,Defender,Senegal,7.05,0.625,0.5,0.5,69.461538,390,4
Aubrey Modiba,Defender,South Africa,7.1,0.655172,0.5,0.454545,30.864553,347,4
Blerim Džemaili,Midfielder,Switzerland,6.55,0.395833,0.6,0.666667,26.503067,326,4
Michael Gregoritsch,Forward,Austria,6.466666666666666,0.5,,,16.105263,190,4
Micky van de Ven,Defender,Netherlands,6.533333333333334,0.47619,,0.75,32.819549,266,4
Lamine Camara,Midfielder,Senegal,6.6,0.413793,0.6,0.333333,50.04,250,4
Steven Moreira,Defender,Cabo Verde,6.433333333333334,0.529412,1,1,26.312292,301,4
Cédric Bakambu,Forward,DR Congo,6.3999999999999995,0.347826,0.666667,,13.056995,193,4
David De Gea,Goalkeeper,Spain,6.175,,,,15.923077,390,4
Nicolas Pépé,Forward,Côte d'Ivoire,7.1,0.285714,0.571429,,40.57377,244,4
Paul Okon-Engstler,Midfielder,Australia,6.825,0.434783,,0.4,35.735294,204,4
Hugo Ayala,Defender,Mexico,6.85,0.5,,0.75,31.764706,187,4
Alessandro Circati,Defender,Australia,7.425,0.673913,1,0.8,45.34005,397,4
Alexander Isak,Forward,Sweden,7,0.28,0.25,1,19.75,360,4
Lucas Herrington,Defender,Australia,6.5,0.4375,,0.5,51.857143,210,4
Xaver Schlager,Midfielder,Austria,6.475,0.30303,,0.5,53.849372,239,4
Jonathan Tah,Defender,Germany,6.925,0.333333,0.5,1,91.206434,373,4
Isco,Midfielder,Spain,8.2,0.671053,0.741935,0.4,102.461538,390,4
Pico,Defender,Cabo Verde,7.275,0.730769,,0.714286,42,390,4
Anthony Elanga,Forward,Sweden,7.266666666666667,0.588235,0.5,,28.914027,221,4
Crysencio Summerville,Midfielder,Netherlands,7.475,0.5,0.375,0.4,23.12253,253,4
Abdou Diallo,Defender,Senegal,6.475,0.45,,1,47.168675,332,4
Walker Zimmerman,Defender,USA,6.975,0.55,,0.666667,78.345324,278,4
Franck Kessié,Midfielder,Côte d'Ivoire,6.825,0.45,0.333333,1,49.020173,347,4
Kerim Alajbegović,Midfielder,Bosnia & Herzegovina,6.625,0.432432,0.588235,,29.891697,277,4
Boulaye Dia,Forward,Senegal,6.675,0.344828,0.5,,14.34375,320,4
Willy Caballero,Goalkeeper,Argentina,5.9,,,,26.5,180,4
Rafik Belghali,Midfielder,Algeria,6.6,0.382353,0.222222,0.428571,44.324324,333,4
Tijjani Reijnders,Midfielder,Netherlands,6.633333333333333,0.416667,0.333333,,27.761194,201,4
Jakub Kamiński,Midfielder,Poland,6.65,0.344828,0.5,0.166667,21.244635,233,4
Matheus Uribe,Midfielder,Colombia,6.666666666666667,0.481481,0.5,0.5,43.516484,182,4
Kaishu Sano,Midfielder,Japan,7.2,0.333333,1,0.666667,46,270,4
Yoane Wissa,Forward,DR Congo,7.125,0.432432,0.333333,1,17.5,360,4
Alexander Bernhardsson,Midfielder,Sweden,6.366666666666667,0.419355,0.4,0.4,26.470588,221,4
Brian Brobbey,Forward,Netherlands,7.2250000000000005,0.5,,0.5,8.534483,232,4
Yasin Ayari,Midfielder,Sweden,7.1499999999999995,0.463415,0.285714,0.8,26.896552,348,4
Zion Suzuki,Goalkeeper,Japan,7.225,0.833333,,,23.25,360,4
Cédric Soares,Midfielder,Portugal,6.633333333333333,0.483871,1,0.625,43.333333,270,4
Oswin Appollis,Midfielder,South Africa,6.675,0.5,0.8,0.6,33.529412,255,4
Jamiro Monteiro,Midfielder,Cabo Verde,6.425,0.346154,,0.571429,32.756184,283,4
Khuliso Mudau,Defender,South Africa,6.875,0.705882,0.8,0.8,40.25,360,4
Emmanuel Agbadou,Defender,Côte d'Ivoire,6.966666666666666,0.75,1,0.75,53.666667,270,4
Sergio Ramos,Defender,Spain,7.125,0.595238,,0.555556,117.230769,390,4
Marcos Rojo,Defender,Argentina,6.8,0.592593,1,1,65.2,225,4
Guéla Doué,Defender,Côte d'Ivoire,6.85,0.566667,,0.833333,45.487365,277,4
Lionel Mpasi Nzau,Goalkeeper,DR Congo,6.775,,,,30.75,360,4
Ngal'ayel Mukau,Midfielder,DR Congo,6.55,0.411765,0.5,1,32.142857,196,4
João Moutinho,Midfielder,Portugal,6.8999999999999995,0.470588,1,0.777778,37.459459,185,4
Romano Schmid,Midfielder,Austria,6.7,0.37931,0.5,0.8,30.112782,266,4
Odilon Kossounou,Defender,Côte d'Ivoire,6.775,0.692308,1,0.6,48.214286,280,4
Sebastian Larsson,Midfielder,Sweden,6.65,0.333333,,0.6,45,318,4
Enzo Pérez,Midfielder,Argentina,6.400000000000001,0.368421,1,0.666667,52.615385,195,4
Kim Jin-su,Defender,South Korea,6.95,0.787879,,0.5,28.571429,315,4
Jerome Opoku,Defender,Ghana,7.166666666666667,0.75,1,0.666667,37.333333,270,4
Diego Gómez,Midfielder,Paraguay,6.45,0.425926,0.5,0.5,31.954397,307,4
Keito Nakamura,Midfielder,Japan,7.15,0.666667,0.833333,0.75,31.354839,310,4
Yahia Fofana,Goalkeeper,Côte d'Ivoire,7.15,,,,25.5,360,4
Amine Gouiri,Forward,Algeria,6.575,0.266667,0.333333,1,19.730769,260,4
Nabil Bentaleb,Midfielder,Algeria,6.925000000000001,0.545455,0.5,0.5,88.118467,287,4
Aaron Wan-Bissaka,Defender,DR Congo,7.025,0.607143,0.4,0.4,26.873239,355,4
Pedro Vite,Midfielder,Ecuador,7.475,0.511111,,0.733333,75.75,360,4
Sead Kolašinac,Defender,Bosnia & Herzegovina,6.65,0.548387,0.5,0.666667,39.026549,339,4
Marcel Sabitzer,Midfielder,Austria,6.875,0.4,0.25,0.5,29.25,360,4
Joel Ordóñez,Defender,Ecuador,6.533333333333334,0.588235,1,1,46.8,225,4
David Alaba,Defender,Austria,7.075,0.545455,0.5,0.5,73.489209,278,4
Donyell Malen,Forward,Netherlands,6.7,0.470588,0.444444,,17.326203,187,4
Nestory Irankunda,Forward,Australia,6.825,0.5,0.5,,16.363636,264,4
Petar Sučić,Midfielder,Croatia,7,0.4,0.5,0.4,40,288,4
Maxi Meza,Midfielder,Argentina,6.825,0.454545,0.714286,1,46.086957,207,4
Stefan Posch,Defender,Austria,5.800000000000001,0.444444,,0.75,32.432432,333,4
John Yeboah,Forward,Ecuador,7,0.666667,0.875,0.75,28.857143,315,4
Ange-Yoan Bonny,Forward,Côte d'Ivoire,6.4,0.333333,0.5,0.666667,12.20339,236,4
Philipp Lienhart,Defender,Austria,6.6,0.75,,1,69,180,4
Patrick Beach,Goalkeeper,Australia,7.525,0.5,1,,22.727273,396,4
Benjamin Asare,Goalkeeper,Ghana,7.166666666666667,,,,20.4,225,4
Nilson Angulo,Midfielder,Ecuador,6.925,0.545455,0.666667,0.5,33.440367,218,4
Konrad Laimer,Defender,Austria,6.4,0.473684,0.714286,0.6,33.5,360,4
Diego Costa,Forward,Spain,7.175000000000001,0.25,0.666667,1,18.84375,320,4
Salman Alfaraj,Midfielder,Saudi Arabia,7.075,0.448276,0.444444,0.25,76.857143,315,4
Ghislain Konan,Defender,Côte d'Ivoire,6.8,0.48,0.666667,1,40.817844,269,4
Krystian Bielik,Defender,Poland,6.625,0.5,0.333333,0.6,41.25,216,4
Andrés Iniesta,Midfielder,Spain,7.1,0.541667,0.7,1,90.950704,284,4
Viktor Gyökeres,Forward,Sweden,6.95,0.384615,0.2,0.5,16.675749,367,4
Nicolai Jørgensen,Forward,Denmark,6.666666666666667,0.346154,,1,17.830189,212,4
Felix Nmecha,Midfielder,Germany,7.075,0.522727,0.25,0.692308,47.647059,272,4
Martin Baturina,Midfielder,Croatia,7.15,0.6,0.769231,0.666667,26.944444,324,4
Caleb Yirenkyi,Midfielder,Ghana,6.75,0.258065,0.75,0.5,23.161765,272,4
Ime Okon,Defender,South Africa,6.775,0.6,1,0.666667,69.25,360,4
Stjepan Radeljić,Defender,Bosnia & Herzegovina,6.7,0.857143,,0.333333,75.5,180,4
Connor Metcalfe,Midfielder,Australia,6.8,0.444444,1,0.8,21.801242,322,4
Ibrahim Maza,Forward,Algeria,6.55,0.555556,0.565217,0.4,34.846797,359,4
Derrick Luckassen,Defender,Ghana,7.25,0.846154,,0.333333,66.5,180,4
Mory Diaw,Goalkeeper,Senegal,6.466666666666666,0.8,1,,32.278481,237,4
Ramy Bensebaini,Defender,Algeria,6.824999999999999,0.7,1,0.6,95.395095,367,4
Steve Kapuadi,Defender,DR Congo,6.35,0.4,,1,28,180,4
Yuya Osako,Forward,Japan,6.975,0.484375,0.833333,0.5,21.915584,308,4
Juan Cuadrado,Midfielder,Colombia,7.125,0.45283,0.6,1,39.969789,331,4
Javier Hernández,Forward,Mexico,7.025,0.444444,0.444444,,19.636364,330,4
Amad Diallo,Midfielder,Côte d'Ivoire,7.7,0.538462,0.538462,0.8,36.684783,184,4
Ronwen Williams,Goalkeeper,South Africa,7.25,0.5,,,56.75,360,4
Johan Manzambi,Midfielder,Switzerland,7.575,0.290323,0.357143,,24.75,200,4
Marvin Senaya,Defender,Ghana,6.925,0.65,,0.6,25.071429,280,4
Paul Wanner,Midfielder,Austria,6.3,0.323529,0.2,0.333333,30,234,4
Benjamin Tahirović,Midfielder,Bosnia & Herzegovina,6.55,0.611111,,0.666667,42.531646,237,4
Nikola Katić,Defender,Bosnia & Herzegovina,6.9,0.609756,,0.6,48.113208,318,4
Christ Inao Oulaï,Midfielder,Côte d'Ivoire,7.075,0.633333,0.714286,0.666667,54.951923,208,4
Riyad Mahrez,Midfielder,Algeria,7.35,0.482759,0.333333,0.5,45.171103,263,4
Kevin Danso,Defender,Austria,6.7,0.631579,1,0.5,63.640167,239,4
Aleksandar Pavlović,Midfielder,Germany,6.675000000000001,0.235294,0.333333,1,83.759124,274,4
Jacob Widell Zetterström,Goalkeeper,Sweden,7.85,,,,29.5,180,4
Lasse Schöne,Midfielder,Denmark,6.833333333333333,0.52381,0.5,0.75,51.369863,219,4
Makoto Hasebe,Defender,Japan,6.575,0.321429,1,0.75,70.899281,278,4
Javier Mascherano,Midfielder,Argentina,6.775,0.458333,0.75,0.75,86.75,360,4
Jan Paul van Hecke,Defender,Netherlands,7.675,0.676471,,0.333333,85.846154,390,4
Pione Sisto,Forward,Denmark,6.925,0.564103,0.785714,0.4,31.034483,232,4
Valon Behrami,Midfielder,Switzerland,6.9,0.547619,1,0.571429,67.427653,311,4
Lucas Bergvall,Midfielder,Sweden,6.6,0.434783,1,0.333333,40.864865,185,4
Riley McGree,Midfielder,Australia,6.65,0.294118,,0.5,23.420074,269,4
Alexander Schlager,Goalkeeper,Austria,6.625,,,,30.75,360,4
Kye Rowles,Defender,Australia,7.1,0.7,,0.25,46.5,360,4
Amar Memić,Midfielder,Bosnia & Herzegovina,6.35,0.458333,0.2,0.666667,18.482143,224,4
Matty Cash,Defender,Poland,6.6,0.434783,0.5,0.75,30.25,360,4
Ivan Šunjić,Midfielder,Bosnia & Herzegovina,6.475,0.333333,,0.6,45.909091,198,4
Jordan Bos,Defender,Australia,6.725,0.480769,0.6,0.6,31.165049,309,4
Shinji Kagawa,Midfielder,Japan,6.833333333333333,0.526316,0.5,0.666667,53.146552,232,4
Gabriel Mercado,Defender,Argentina,6.666666666666667,0.514286,0.5,0.5,54,270,4
José Fonte,Defender,Portugal,6.725,0.653061,,,45.75,360,4
Yan Diomande,Forward,Côte d'Ivoire,7.5,0.578947,0.434783,0.461538,39.697885,331,4
Mikael Lustig,Defender,Sweden,7.1499999999999995,0.575758,1,0.333333,24.801136,352,4
Carlos Salcedo,Defender,Mexico,7.1,0.482759,1,0.75,54.93188,367,4
Ryan Mendes,Midfielder,Cabo Verde,6.8,0.4,0.714286,0.4,23.655589,331,4
Hidemasa Morita,Midfielder,Japan,6.633333333333333,0.24,,,48.315789,285,4
Chancel Mbemba,Defender,DR Congo,6.8,0.608696,1,0.75,41,360,4
Aiden O'Neill,Midfielder,Australia,6.975,0.62069,0.4,0.5,42.915531,367,4
Yasser Al-Shahrani,Defender,Saudi Arabia,6.9,0.5,1,0.625,48.885794,359,4
Genki Haraguchi,Midfielder,Japan,6.8,0.53125,0.5,0.636364,29.634146,246,4
Jack Hendry,Defender,Scotland,6.966666666666666,0.777778,,1,61.333333,270,3
Michael Estrada,Forward,Ecuador,6.866666666666667,0.489362,0.666667,,19.030837,227,3
Ladislav Krejčí,Defender,Czechia,6.866666666666667,0.606061,1,0.375,51.33574,277,3
Kamal Miller,Defender,Canada,6.666666666666667,0.68,0.5,0.666667,66.333333,270,3
Manuel Da Costa,Defender,Morocco,6.666666666666667,0.615385,,1,40.691489,188,3
Hannes Delcroix,Defender,Haiti,6.366666666666667,0.526316,,0.6,51,270,3
Merih Demiral,Defender,Türkiye,6.65,0.444444,,1,60.641711,187,3
Juninho Bacuna,Midfielder,Curaçao,6.566666666666666,0.36,0.4375,0.666667,24.705882,255,3
Josué Casimir,Midfielder,Haiti,6.1000000000000005,0.4,0.5,,25.856354,181,3
Mohammed Kudus,Midfielder,Ghana,7.7,0.526316,0.714286,0.8,28.554217,249,3
Miguel Trauco,Defender,Peru,6.866666666666667,0.478261,0.666667,0.75,55,270,3
Juan Sanabria,Defender,Uruguay,6.666666666666667,0.571429,,0.571429,34.682927,205,3
Ahmed Hegazy,Defender,Egypt,6.833333333333333,0.619048,1,0.333333,40.666667,270,3
Mohamed Abdel Shafi,Defender,Egypt,6.666666666666667,0.6,0.666667,1,48,270,3
Aron Gunnarsson,Midfielder,Iceland,6.6000000000000005,0.454545,0.5,0.4,27.035573,253,3
Mark Milligan,Defender,Australia,6.933333333333334,0.666667,,0.714286,82.666667,270,3
José Córdoba,Defender,Panama,6.566666666666666,0.380952,1,0.75,60.666667,270,3
Merchas Doski,Defender,Iraq,6.433333333333334,0.628571,0.25,0.692308,38,270,3
Andy Robertson,Defender,Scotland,6.633333333333333,0.384615,1,0.5,55.6,225,3
Zidane Iqbal,Midfielder,Iraq,6.566666666666666,0.666667,0.666667,0.5,59.361702,188,3
Mohammad Mohebi,Forward,Iran,6.7,0.52,,0.333333,27.55102,245,3
Timo Werner,Forward,Germany,6.8999999999999995,0.35,0.5,1,26.052632,266,3
Teboho Mokoena,Midfielder,South Africa,7.033333333333334,0.551724,1,0.75,64.666667,270,3
Chris Wood,Forward,New Zealand,6.566666666666666,0.363636,,1,15.69395,281,3
Medhi Benatia,Defender,Morocco,6.85,0.6,1,,65.5,180,3
Duško Tošić,Defender,Serbia,6.9,0.571429,,1,41.5,180,3
Issam Jebali,Forward,Tunisia,6.466666666666666,0.2,0.5,1,15.163043,184,3
